OID,PID,CID,OrderQuantity,OrderDate,TotalCost
0,11,451,3,2024-04-20,3000
1,3,355,1,2024-04-24,1000
2,94,91,4,2024-03-28,4000
3,96,606,2,2024-04-18,2000
4,5,667,4,2024-04-13,4000
5,20,214,4,2024-04-20,4000
6,70,290,4,2024-04-23,4000
7,47,21,4,2024-04-20,4000
8,73,469,4,2024-04-13,4000
9,54,538,4,2024-04-24,4000
10,32,302,4,2024-04-07,4000
11,48,872,2,2024-03-28,2000
12,51,321,3,2024-04-06,3000
13,33,405,4,2024-04-08,4000
14,55,996,2,2024-04-22,2000
15,23,221,2,2024-03-27,2000
16,31,613,1,2024-04-17,1000
17,70,435,4,2024-04-22,4000
18,81,445,3,2024-04-18,3000
19,30,276,1,2024-03-29,1000
20,11,557,2,2024-04-18,2000
21,92,271,3,2024-04-14,3000
22,13,255,3,2024-04-21,3000
23,36,960,2,2024-04-03,2000
24,55,859,1,2024-03-29,1000
25,34,967,3,2024-04-01,3000
26,45,18,3,2024-04-20,3000
27,34,221,4,2024-04-01,4000
28,7,651,2,2024-04-25,2000
29,12,606,1,2024-04-24,1000
30,3,23,3,2024-03-30,3000
31,40,237,3,2024-04-25,3000
32,43,891,4,2024-04-14,4000
33,82,339,1,2024-04-21,1000
34,37,684,2,2024-04-12,2000
35,90,58,2,2024-04-09,2000
36,77,674,4,2024-03-28,4000
37,22,24,3,2024-04-13,3000
38,97,186,1,2024-04-19,1000
39,74,126,4,2024-04-23,4000
40,82,987,3,2024-03-31,3000
41,3,682,3,2024-04-10,3000
42,89,330,3,2024-04-19,3000
43,77,365,3,2024-03-28,3000
44,70,878,2,2024-04-02,2000
45,24,232,1,2024-03-31,1000
46,7,745,1,2024-04-10,1000
47,22,742,3,2024-04-23,3000
48,70,150,4,2024-03-27,4000
49,32,640,2,2024-04-19,2000
50,91,685,3,2024-04-02,3000
51,4,401,2,2024-04-17,2000
52,21,517,4,2024-04-15,4000
53,22,742,2,2024-04-09,2000
54,23,745,1,2024-04-09,1000
55,59,379,2,2024-04-25,2000
56,14,367,3,2024-04-14,3000
57,58,558,2,2024-04-12,2000
58,98,704,1,2024-04-24,1000
59,83,3,4,2024-04-08,4000
60,45,285,1,2024-03-31,1000
61,53,62,2,2024-04-22,2000
62,18,193,3,2024-04-03,3000
63,7,261,3,2024-04-01,3000
64,40,621,1,2024-03-30,1000
65,19,892,2,2024-04-05,2000
66,61,897,3,2024-03-30,3000
67,62,533,3,2024-04-19,3000
68,71,184,1,2024-03-28,1000
69,75,771,3,2024-03-31,3000
70,35,709,3,2024-04-17,3000
71,95,618,4,2024-04-24,4000
72,80,948,2,2024-04-15,2000
73,12,569,2,2024-04-05,2000
74,87,102,4,2024-04-09,4000
75,59,597,2,2024-04-21,2000
76,20,257,4,2024-04-13,4000
77,56,771,1,2024-04-12,1000
78,45,388,3,2024-04-19,3000
79,12,660,4,2024-04-18,4000
80,52,63,2,2024-04-06,2000
81,61,872,1,2024-04-01,1000
82,74,848,2,2024-04-09,2000
83,85,593,2,2024-03-27,2000
84,1,551,3,2024-04-15,3000
85,14,145,1,2024-04-01,1000
86,27,735,4,2024-04-24,4000
87,14,865,1,2024-03-30,1000
88,5,324,4,2024-04-20,4000
89,52,217,2,2024-04-03,2000
90,68,601,1,2024-04-03,1000
91,78,81,2,2024-04-15,2000
92,66,451,1,2024-04-05,1000
93,27,45,1,2024-04-11,1000
94,61,792,4,2024-04-12,4000
95,39,245,1,2024-04-02,1000
96,14,241,4,2024-04-24,4000
97,29,898,2,2024-04-18,2000
98,63,143,4,2024-03-30,4000
99,67,393,4,2024-04-13,4000
100,19,244,2,2024-04-16,2000
101,76,670,4,2024-04-25,4000
102,43,82,2,2024-04-05,2000
103,45,820,1,2024-04-23,1000
104,70,408,3,2024-04-13,3000
105,98,267,4,2024-04-16,4000
106,33,133,4,2024-04-04,4000
107,1,259,4,2024-04-25,4000
108,24,771,4,2024-03-30,4000
109,33,422,1,2024-04-05,1000
110,90,758,4,2024-03-29,4000
111,28,435,3,2024-03-30,3000
112,41,91,2,2024-04-10,2000
113,50,347,2,2024-03-29,2000
114,42,425,1,2024-04-22,1000
115,99,918,3,2024-04-07,3000
116,76,345,1,2024-04-19,1000
117,93,442,1,2024-03-27,1000
118,53,73,3,2024-04-16,3000
119,90,828,1,2024-04-18,1000
120,36,598,3,2024-04-18,3000
121,19,159,1,2024-04-09,1000
122,53,466,3,2024-04-11,3000
123,98,815,1,2024-04-05,1000
124,98,819,1,2024-04-07,1000
125,47,972,2,2024-04-08,2000
126,93,880,2,2024-04-19,2000
127,31,147,1,2024-04-16,1000
128,99,670,4,2024-04-08,4000
129,63,436,3,2024-04-14,3000
130,74,988,2,2024-04-03,2000
131,71,786,4,2024-04-13,4000
132,31,861,3,2024-04-20,3000
133,86,27,1,2024-03-28,1000
134,62,627,3,2024-04-08,3000
135,50,48,3,2024-04-24,3000
136,51,395,3,2024-04-16,3000
137,83,414,2,2024-04-11,2000
138,31,610,2,2024-03-31,2000
139,38,661,3,2024-04-25,3000
140,64,569,4,2024-04-25,4000
141,21,645,4,2024-04-19,4000
142,8,544,2,2024-04-19,2000
143,18,885,4,2024-04-20,4000
144,74,127,4,2024-04-23,4000
145,41,60,2,2024-04-19,2000
146,87,14,2,2024-04-17,2000
147,60,539,2,2024-04-25,2000
148,15,795,3,2024-04-06,3000
149,44,103,1,2024-04-09,1000
150,87,948,2,2024-04-21,2000
151,30,678,3,2024-04-16,3000
152,66,887,3,2024-04-22,3000
153,84,91,3,2024-04-10,3000
154,61,385,4,2024-04-25,4000
155,93,905,2,2024-04-09,2000
156,47,963,3,2024-04-10,3000
157,22,383,4,2024-04-15,4000
158,79,765,2,2024-04-24,2000
159,53,293,3,2024-04-25,3000
160,39,364,1,2024-04-04,1000
161,21,86,2,2024-03-31,2000
162,29,119,2,2024-04-22,2000
163,62,68,2,2024-03-30,2000
164,29,489,4,2024-04-01,4000
165,31,959,1,2024-04-09,1000
166,67,167,2,2024-04-07,2000
167,72,427,2,2024-03-27,2000
168,83,501,2,2024-03-31,2000
169,37,899,4,2024-03-29,4000
170,7,978,2,2024-04-23,2000
171,67,22,3,2024-04-08,3000
172,60,266,4,2024-04-11,4000
173,47,895,3,2024-04-19,3000
174,95,932,3,2024-04-16,3000
175,5,346,2,2024-04-12,2000
176,1,609,1,2024-03-29,1000
177,80,331,1,2024-03-28,1000
178,58,621,1,2024-04-19,1000
179,52,98,4,2024-04-07,4000
180,36,187,2,2024-04-17,2000
181,24,234,4,2024-04-06,4000
182,33,474,4,2024-03-28,4000
183,34,333,4,2024-04-10,4000
184,60,68,1,2024-04-15,1000
185,52,744,2,2024-04-04,2000
186,47,980,4,2024-04-22,4000
187,36,736,1,2024-03-29,1000
188,93,12,4,2024-04-18,4000
189,58,325,4,2024-04-04,4000
190,14,127,1,2024-04-06,1000
191,62,430,3,2024-03-28,3000
192,80,115,2,2024-04-13,2000
193,77,291,4,2024-04-18,4000
194,27,235,1,2024-04-11,1000
195,49,100,3,2024-03-29,3000
196,16,109,3,2024-04-24,3000
197,31,859,1,2024-03-27,1000
198,94,475,4,2024-03-30,4000
199,73,686,1,2024-04-20,1000
200,23,329,1,2024-04-23,1000
201,93,89,2,2024-04-05,2000
202,35,428,4,2024-04-12,4000
203,57,70,3,2024-04-19,3000
204,93,788,1,2024-04-19,1000
205,72,493,3,2024-03-27,3000
206,92,292,1,2024-04-03,1000
207,33,791,1,2024-03-30,1000
208,91,38,1,2024-04-24,1000
209,90,916,1,2024-04-12,1000
210,18,324,3,2024-04-06,3000
211,84,525,4,2024-04-07,4000
212,11,923,4,2024-04-11,4000
213,90,255,4,2024-04-09,4000
214,1,396,3,2024-04-02,3000
215,79,17,2,2024-04-15,2000
216,29,279,1,2024-04-23,1000
217,98,405,2,2024-04-12,2000
218,76,390,3,2024-03-27,3000
219,76,136,2,2024-04-10,2000
220,62,786,4,2024-04-20,4000
221,59,425,1,2024-04-25,1000
222,9,822,3,2024-04-12,3000
223,19,48,1,2024-04-18,1000
224,21,252,1,2024-04-12,1000
225,16,337,2,2024-04-02,2000
226,73,780,3,2024-04-07,3000
227,24,166,4,2024-03-29,4000
228,34,513,3,2024-03-27,3000
229,39,242,2,2024-04-13,2000
230,88,344,2,2024-03-29,2000
231,31,822,4,2024-04-01,4000
232,2,905,3,2024-04-15,3000
233,1,425,1,2024-04-16,1000
234,28,209,1,2024-03-29,1000
235,12,485,1,2024-04-08,1000
236,71,878,4,2024-04-06,4000
237,59,125,2,2024-04-08,2000
238,85,74,1,2024-04-01,1000
239,81,196,4,2024-04-16,4000
240,81,419,4,2024-04-24,4000
241,95,356,1,2024-04-14,1000
242,39,137,4,2024-04-14,4000
243,50,67,4,2024-04-22,4000
244,37,190,4,2024-03-28,4000
245,96,307,2,2024-03-31,2000
246,3,176,3,2024-04-07,3000
247,99,146,3,2024-04-04,3000
248,9,545,4,2024-04-08,4000
249,3,134,1,2024-04-19,1000
250,76,155,3,2024-04-01,3000
251,46,869,3,2024-03-27,3000
252,38,461,4,2024-04-08,4000
253,95,840,1,2024-04-03,1000
254,72,162,2,2024-04-06,2000
255,12,778,3,2024-04-02,3000
256,77,557,2,2024-04-19,2000
257,84,548,4,2024-04-06,4000
258,44,582,4,2024-04-22,4000
259,77,288,1,2024-03-29,1000
260,91,27,4,2024-03-27,4000
261,56,826,1,2024-04-02,1000
262,4,225,1,2024-04-20,1000
263,77,811,2,2024-04-19,2000
264,80,632,1,2024-03-28,1000
265,12,476,1,2024-04-16,1000
266,77,450,3,2024-04-12,3000
267,11,767,2,2024-04-18,2000
268,64,782,4,2024-04-08,4000
269,44,919,4,2024-04-23,4000
270,70,483,2,2024-04-18,2000
271,8,283,3,2024-04-04,3000
272,50,154,4,2024-03-30,4000
273,21,326,1,2024-04-25,1000
274,74,383,1,2024-03-30,1000
275,33,209,4,2024-04-03,4000
276,57,357,4,2024-04-07,4000
277,99,40,1,2024-03-28,1000
278,63,133,4,2024-04-12,4000
279,80,369,1,2024-04-24,1000
280,45,898,2,2024-04-01,2000
281,67,210,4,2024-04-25,4000
282,62,922,2,2024-04-05,2000
283,36,63,1,2024-04-17,1000
284,20,55,4,2024-04-13,4000
285,47,2,2,2024-04-21,2000
286,94,788,4,2024-04-10,4000
287,78,356,4,2024-04-09,4000
288,16,477,1,2024-03-30,1000
289,37,235,4,2024-04-05,4000
290,47,172,4,2024-04-01,4000
291,11,557,3,2024-04-15,3000
292,58,323,4,2024-04-23,4000
293,69,571,1,2024-04-21,1000
294,70,5,4,2024-04-10,4000
295,27,138,4,2024-04-09,4000
296,40,158,2,2024-04-23,2000
297,2,20,2,2024-04-05,2000
298,51,389,2,2024-04-05,2000
299,45,948,3,2024-04-16,3000
300,69,424,1,2024-04-14,1000
301,40,185,4,2024-04-23,4000
302,23,46,3,2024-04-07,3000
303,19,967,4,2024-04-06,4000
304,74,88,4,2024-04-16,4000
305,38,396,2,2024-04-09,2000
306,91,33,4,2024-03-30,4000
307,5,7,1,2024-04-14,1000
308,82,290,3,2024-04-16,3000
309,57,881,3,2024-04-23,3000
310,70,636,4,2024-04-04,4000
311,72,296,2,2024-04-05,2000
312,9,94,1,2024-04-20,1000
313,59,414,3,2024-04-10,3000
314,5,343,4,2024-04-03,4000
315,62,621,2,2024-03-30,2000
316,23,16,2,2024-03-30,2000
317,88,260,1,2024-04-11,1000
318,84,320,1,2024-04-14,1000
319,14,35,1,2024-04-24,1000
320,2,503,3,2024-03-30,3000
321,32,251,1,2024-03-30,1000
322,72,449,1,2024-04-24,1000
323,16,347,4,2024-04-13,4000
324,87,489,1,2024-04-25,1000
325,1,884,2,2024-04-20,2000
326,29,427,1,2024-04-07,1000
327,46,51,3,2024-04-20,3000
328,96,228,2,2024-04-08,2000
329,62,615,3,2024-04-02,3000
330,84,158,2,2024-04-25,2000
331,32,12,2,2024-04-10,2000
332,85,498,3,2024-03-28,3000
333,62,42,2,2024-04-17,2000
334,17,49,4,2024-04-25,4000
335,88,308,2,2024-04-21,2000
336,60,480,2,2024-04-06,2000
337,42,248,1,2024-04-13,1000
338,19,254,3,2024-04-24,3000
339,24,122,3,2024-04-17,3000
340,26,766,1,2024-04-11,1000
341,92,535,4,2024-04-16,4000
342,96,671,4,2024-04-25,4000
343,74,753,4,2024-03-29,4000
344,62,993,2,2024-04-23,2000
345,50,663,4,2024-04-05,4000
346,97,648,4,2024-04-18,4000
347,54,814,4,2024-03-29,4000
348,4,613,3,2024-04-05,3000
349,71,517,4,2024-04-03,4000
350,9,257,1,2024-04-25,1000
351,49,765,1,2024-03-27,1000
352,83,791,2,2024-04-04,2000
353,65,99,3,2024-04-19,3000
354,96,74,4,2024-04-03,4000
355,89,838,1,2024-04-06,1000
356,86,954,1,2024-04-25,1000
357,14,909,3,2024-04-21,3000
358,58,548,1,2024-04-04,1000
359,18,685,2,2024-04-23,2000
360,69,873,1,2024-03-27,1000
361,33,893,3,2024-04-25,3000
362,69,536,4,2024-04-16,4000
363,1,742,4,2024-04-22,4000
364,83,698,4,2024-03-30,4000
365,34,176,4,2024-04-13,4000
366,15,446,3,2024-04-18,3000
367,97,424,3,2024-04-04,3000
368,4,690,1,2024-04-04,1000
369,95,163,1,2024-04-20,1000
370,65,349,3,2024-03-27,3000
371,82,671,4,2024-04-11,4000
372,20,905,2,2024-04-09,2000
373,88,897,2,2024-04-19,2000
374,44,85,1,2024-04-10,1000
375,97,293,1,2024-04-07,1000
376,3,688,2,2024-03-29,2000
377,51,915,1,2024-04-16,1000
378,54,886,1,2024-04-04,1000
379,59,47,2,2024-04-10,2000
380,15,569,1,2024-04-13,1000
381,93,867,4,2024-04-21,4000
382,1,530,1,2024-04-05,1000
383,2,387,3,2024-04-24,3000
384,67,555,4,2024-03-30,4000
385,14,493,3,2024-04-10,3000
386,84,200,4,2024-04-12,4000
387,34,550,4,2024-04-14,4000
388,51,349,1,2024-04-22,1000
389,33,372,4,2024-04-22,4000
390,27,68,2,2024-04-13,2000
391,99,517,3,2024-04-25,3000
392,98,871,2,2024-04-11,2000
393,38,403,3,2024-04-01,3000
394,96,340,2,2024-04-24,2000
395,29,926,2,2024-04-24,2000
396,85,16,4,2024-03-29,4000
397,34,641,4,2024-04-10,4000
398,78,174,2,2024-04-16,2000
399,64,371,3,2024-04-11,3000
400,59,760,1,2024-04-11,1000
401,1,735,4,2024-04-05,4000
402,96,277,3,2024-04-21,3000
403,65,475,3,2024-04-09,3000
404,85,507,1,2024-04-18,1000
405,30,183,3,2024-03-27,3000
406,78,596,3,2024-04-10,3000
407,54,551,4,2024-04-09,4000
408,65,605,2,2024-04-07,2000
409,70,618,4,2024-04-07,4000
410,63,407,4,2024-04-21,4000
411,26,617,3,2024-04-03,3000
412,40,623,2,2024-04-17,2000
413,89,817,3,2024-04-10,3000
414,98,326,3,2024-04-21,3000
415,2,190,2,2024-04-01,2000
416,49,222,2,2024-04-24,2000
417,20,532,1,2024-04-14,1000
418,30,923,1,2024-03-27,1000
419,45,710,1,2024-04-08,1000
420,20,734,3,2024-04-21,3000
421,53,904,4,2024-04-16,4000
422,75,640,3,2024-04-14,3000
423,52,18,1,2024-04-18,1000
424,36,943,4,2024-04-05,4000
425,65,236,4,2024-04-01,4000
426,2,226,2,2024-04-06,2000
427,89,523,3,2024-03-28,3000
428,42,386,4,2024-04-10,4000
429,62,83,3,2024-04-06,3000
430,45,240,3,2024-04-05,3000
431,26,58,1,2024-04-07,1000
432,32,103,1,2024-04-01,1000
433,43,201,1,2024-03-30,1000
434,61,305,4,2024-04-12,4000
435,44,331,3,2024-04-06,3000
436,18,129,1,2024-04-06,1000
437,50,381,3,2024-03-29,3000
438,27,115,2,2024-04-18,2000
439,39,255,2,2024-04-22,2000
440,51,24,3,2024-04-01,3000
441,3,243,3,2024-04-07,3000
442,5,161,3,2024-04-15,3000
443,61,181,1,2024-04-25,1000
444,57,212,1,2024-04-02,1000
445,26,458,1,2024-04-02,1000
446,1,644,2,2024-04-25,2000
447,55,308,1,2024-04-22,1000
448,66,937,1,2024-04-02,1000
449,60,407,2,2024-04-18,2000
450,85,107,1,2024-04-06,1000
451,82,154,1,2024-04-19,1000
452,39,838,1,2024-03-31,1000
453,25,784,4,2024-04-20,4000
454,94,32,4,2024-04-25,4000
455,56,285,1,2024-04-17,1000
456,64,885,4,2024-04-20,4000
457,94,612,1,2024-04-08,1000
458,90,133,4,2024-04-12,4000
459,84,722,4,2024-03-30,4000
460,91,564,3,2024-03-31,3000
461,33,774,3,2024-03-30,3000
462,98,527,4,2024-03-27,4000
463,16,546,4,2024-03-28,4000
464,34,222,3,2024-04-25,3000
465,31,815,4,2024-03-28,4000
466,34,839,4,2024-04-20,4000
467,90,878,3,2024-04-12,3000
468,96,609,1,2024-04-23,1000
469,28,705,4,2024-03-28,4000
470,61,114,3,2024-04-07,3000
471,76,701,4,2024-04-13,4000
472,40,632,3,2024-04-08,3000
473,66,295,2,2024-04-19,2000
474,24,48,2,2024-04-09,2000
475,89,831,2,2024-04-04,2000
476,38,800,1,2024-04-10,1000
477,56,343,2,2024-03-30,2000
478,72,162,3,2024-04-20,3000
479,15,836,4,2024-04-14,4000
480,60,829,2,2024-04-12,2000
481,82,757,4,2024-04-21,4000
482,52,21,4,2024-04-13,4000
483,87,974,1,2024-04-14,1000
484,38,159,1,2024-04-12,1000
485,34,782,4,2024-04-21,4000
486,84,843,4,2024-04-15,4000
487,95,197,1,2024-03-27,1000
488,31,410,2,2024-04-02,2000
489,73,483,2,2024-04-06,2000
490,65,669,2,2024-04-14,2000
491,12,260,3,2024-04-25,3000
492,35,794,4,2024-04-02,4000
493,58,273,2,2024-04-17,2000
494,51,876,2,2024-03-29,2000
495,86,656,2,2024-04-18,2000
496,83,677,1,2024-04-12,1000
497,85,924,1,2024-04-17,1000
498,40,802,4,2024-04-03,4000
499,70,120,3,2024-04-06,3000
500,30,941,1,2024-04-24,1000
501,51,737,1,2024-04-02,1000
502,89,802,4,2024-04-21,4000
503,48,781,1,2024-04-18,1000
504,99,853,1,2024-04-21,1000
505,5,192,1,2024-04-23,1000
506,4,131,2,2024-04-15,2000
507,4,373,3,2024-04-17,3000
508,79,451,4,2024-03-28,4000
509,72,450,2,2024-04-17,2000
510,1,20,4,2024-04-18,4000
511,91,717,2,2024-04-16,2000
512,57,178,1,2024-04-07,1000
513,37,658,1,2024-03-28,1000
514,16,436,3,2024-04-10,3000
515,41,992,1,2024-04-01,1000
516,53,627,3,2024-04-08,3000
517,72,467,4,2024-03-29,4000
518,42,671,3,2024-04-03,3000
519,51,901,4,2024-04-22,4000
520,61,592,2,2024-04-07,2000
521,90,235,2,2024-04-21,2000
522,35,387,2,2024-03-27,2000
523,34,464,3,2024-04-15,3000
524,50,603,2,2024-04-18,2000
525,95,305,3,2024-04-05,3000
526,9,45,4,2024-04-10,4000
527,82,759,1,2024-04-15,1000
528,11,435,4,2024-04-10,4000
529,22,292,1,2024-04-22,1000
530,92,963,3,2024-04-04,3000
531,92,919,1,2024-04-07,1000
532,7,663,4,2024-04-11,4000
533,54,908,2,2024-04-19,2000
534,46,60,4,2024-04-03,4000
535,56,404,3,2024-04-25,3000
536,64,669,4,2024-04-15,4000
537,13,829,3,2024-04-12,3000
538,53,9,1,2024-03-31,1000
539,24,832,2,2024-04-10,2000
540,51,289,3,2024-04-02,3000
541,12,314,4,2024-04-06,4000
542,67,53,1,2024-04-17,1000
543,73,563,2,2024-04-19,2000
544,56,219,3,2024-04-08,3000
545,15,798,2,2024-04-04,2000
546,61,845,2,2024-04-13,2000
547,90,699,4,2024-04-06,4000
548,13,620,2,2024-04-15,2000
549,98,170,2,2024-04-13,2000
550,35,117,4,2024-04-20,4000
551,89,659,4,2024-03-27,4000
552,6,993,1,2024-04-17,1000
553,16,432,4,2024-04-11,4000
554,58,306,3,2024-04-13,3000
555,47,774,4,2024-04-15,4000
556,58,728,2,2024-04-17,2000
557,76,779,4,2024-04-10,4000
558,68,418,4,2024-04-18,4000
559,52,612,2,2024-04-20,2000
560,56,621,4,2024-04-11,4000
561,22,637,1,2024-04-13,1000
562,29,561,4,2024-04-14,4000
563,67,996,1,2024-04-14,1000
564,2,960,1,2024-04-06,1000
565,86,501,4,2024-04-08,4000
566,88,251,4,2024-04-12,4000
567,34,186,2,2024-04-08,2000
568,45,301,1,2024-04-12,1000
569,35,83,2,2024-04-05,2000
570,2,772,1,2024-04-09,1000
571,4,555,4,2024-04-19,4000
572,58,516,1,2024-03-31,1000
573,76,853,2,2024-04-08,2000
574,94,728,2,2024-04-06,2000
575,11,780,4,2024-04-11,4000
576,69,558,3,2024-03-28,3000
577,61,845,1,2024-04-01,1000
578,99,303,4,2024-04-24,4000
579,80,390,3,2024-03-29,3000
580,74,659,1,2024-04-11,1000
581,64,302,3,2024-04-06,3000
582,72,543,1,2024-04-16,1000
583,72,531,1,2024-04-10,1000
584,71,995,3,2024-04-22,3000
585,59,96,2,2024-04-16,2000
586,65,719,1,2024-03-27,1000
587,62,36,2,2024-03-30,2000
588,68,793,2,2024-04-10,2000
589,85,491,1,2024-03-31,1000
590,77,509,2,2024-04-16,2000
591,48,913,2,2024-04-24,2000
592,81,142,1,2024-04-09,1000
593,70,709,3,2024-04-15,3000
594,94,144,2,2024-03-31,2000
595,40,981,1,2024-03-29,1000
596,62,614,2,2024-04-16,2000
597,25,705,3,2024-04-11,3000
598,77,651,4,2024-03-28,4000
599,50,11,3,2024-04-03,3000
600,95,54,3,2024-04-06,3000
601,91,320,1,2024-03-28,1000
602,97,399,1,2024-04-03,1000
603,63,808,3,2024-04-17,3000
604,15,27,3,2024-04-24,3000
605,84,394,3,2024-04-01,3000
606,3,26,2,2024-04-08,2000
607,16,855,2,2024-03-30,2000
608,58,266,2,2024-04-03,2000
609,69,313,4,2024-03-29,4000
610,53,411,3,2024-04-04,3000
611,77,122,1,2024-03-29,1000
612,25,30,3,2024-04-18,3000
613,42,70,3,2024-04-25,3000
614,11,586,1,2024-04-20,1000
615,39,219,4,2024-04-12,4000
616,71,888,2,2024-04-16,2000
617,88,597,4,2024-04-12,4000
618,56,670,3,2024-04-19,3000
619,30,920,2,2024-04-14,2000
620,74,796,1,2024-04-13,1000
621,26,197,3,2024-04-09,3000
622,64,622,4,2024-04-04,4000
623,53,559,3,2024-04-19,3000
624,64,732,3,2024-04-14,3000
625,76,655,2,2024-04-02,2000
626,96,797,1,2024-04-04,1000
627,53,475,2,2024-04-14,2000
628,74,318,4,2024-04-18,4000
629,47,62,1,2024-04-14,1000
630,56,823,4,2024-04-02,4000
631,18,213,4,2024-04-06,4000
632,91,585,2,2024-04-06,2000
633,84,319,4,2024-04-04,4000
634,25,941,3,2024-04-23,3000
635,16,809,2,2024-04-23,2000
636,33,582,2,2024-03-30,2000
637,32,747,2,2024-04-03,2000
638,82,115,4,2024-03-29,4000
639,28,105,3,2024-04-12,3000
640,37,289,2,2024-04-08,2000
641,31,773,4,2024-04-14,4000
642,98,686,4,2024-04-20,4000
643,91,411,4,2024-04-09,4000
644,77,260,1,2024-04-15,1000
645,61,625,1,2024-04-09,1000
646,63,583,2,2024-04-04,2000
647,98,577,2,2024-04-04,2000
648,2,631,1,2024-04-18,1000
649,8,973,3,2024-04-04,3000
650,2,95,2,2024-04-22,2000
651,3,16,2,2024-03-29,2000
652,76,552,4,2024-04-08,4000
653,12,137,1,2024-03-28,1000
654,75,796,2,2024-04-08,2000
655,71,958,3,2024-04-10,3000
656,50,892,1,2024-03-29,1000
657,56,327,3,2024-04-07,3000
658,95,749,1,2024-04-19,1000
659,14,171,4,2024-04-21,4000
660,86,605,4,2024-04-11,4000
661,20,400,2,2024-03-29,2000
662,38,153,2,2024-04-23,2000
663,31,323,3,2024-04-20,3000
664,1,167,1,2024-04-13,1000
665,60,566,1,2024-04-02,1000
666,57,644,1,2024-04-03,1000
667,55,802,1,2024-04-13,1000
668,68,287,4,2024-04-08,4000
669,39,441,3,2024-04-09,3000
670,89,344,2,2024-04-08,2000
671,67,940,4,2024-04-04,4000
672,75,57,4,2024-04-13,4000
673,3,38,3,2024-04-04,3000
674,37,240,1,2024-04-02,1000
675,66,239,2,2024-04-19,2000
676,15,485,4,2024-04-24,4000
677,75,610,3,2024-04-07,3000
678,76,839,3,2024-04-15,3000
679,50,476,3,2024-04-02,3000
680,83,422,1,2024-04-08,1000
681,4,638,1,2024-04-21,1000
682,72,170,3,2024-04-14,3000
683,62,745,3,2024-04-10,3000
684,38,752,2,2024-04-02,2000
685,47,939,4,2024-04-05,4000
686,86,37,3,2024-03-31,3000
687,74,772,4,2024-04-25,4000
688,66,265,2,2024-04-12,2000
689,22,465,2,2024-04-09,2000
690,82,922,2,2024-04-18,2000
691,25,996,1,2024-03-30,1000
692,4,271,1,2024-04-15,1000
693,88,564,3,2024-04-04,3000
694,5,864,1,2024-04-19,1000
695,62,940,3,2024-04-19,3000
696,60,734,4,2024-04-16,4000
697,31,555,4,2024-04-24,4000
698,68,785,4,2024-04-04,4000
699,97,685,1,2024-04-21,1000
700,69,950,4,2024-04-09,4000
701,70,614,2,2024-03-27,2000
702,68,411,2,2024-04-05,2000
703,95,886,3,2024-03-31,3000
704,45,761,3,2024-04-18,3000
705,50,744,3,2024-04-23,3000
706,78,957,3,2024-04-13,3000
707,32,922,2,2024-04-06,2000
708,28,477,2,2024-04-11,2000
709,95,7,2,2024-03-31,2000
710,20,650,1,2024-04-08,1000
711,40,29,2,2024-04-13,2000
712,72,574,1,2024-04-09,1000
713,66,292,4,2024-04-16,4000
714,51,686,4,2024-04-13,4000
715,31,464,3,2024-04-16,3000
716,87,119,1,2024-04-21,1000
717,17,728,2,2024-03-27,2000
718,2,271,4,2024-04-23,4000
719,87,842,3,2024-03-31,3000
720,49,627,4,2024-04-06,4000
721,36,237,3,2024-04-07,3000
722,9,555,4,2024-04-24,4000
723,53,324,2,2024-04-21,2000
724,34,399,4,2024-04-23,4000
725,98,241,2,2024-04-20,2000
726,95,809,1,2024-04-18,1000
727,9,779,2,2024-04-03,2000
728,86,470,2,2024-03-30,2000
729,63,919,1,2024-04-01,1000
730,86,662,4,2024-04-13,4000
731,26,592,1,2024-04-12,1000
732,53,813,3,2024-03-29,3000
733,16,346,4,2024-04-09,4000
734,48,254,3,2024-04-08,3000
735,55,249,4,2024-04-20,4000
736,47,752,3,2024-04-11,3000
737,78,360,1,2024-04-18,1000
738,24,337,3,2024-04-02,3000
739,71,694,2,2024-04-14,2000
740,81,38,1,2024-03-31,1000
741,78,504,3,2024-04-21,3000
742,90,430,1,2024-03-31,1000
743,77,847,1,2024-04-03,1000
744,83,235,1,2024-04-04,1000
745,75,107,2,2024-04-13,2000
746,63,134,4,2024-04-12,4000
747,26,116,2,2024-04-06,2000
748,47,27,1,2024-04-16,1000
749,44,860,1,2024-04-18,1000
750,77,203,1,2024-04-07,1000
751,60,16,3,2024-03-30,3000
752,10,64,2,2024-04-01,2000
753,76,456,4,2024-04-07,4000
754,93,719,3,2024-03-27,3000
755,79,857,4,2024-04-17,4000
756,19,477,2,2024-03-29,2000
757,51,661,3,2024-04-01,3000
758,52,853,1,2024-04-09,1000
759,30,378,3,2024-04-03,3000
760,23,887,3,2024-04-18,3000
761,9,466,2,2024-04-21,2000
762,53,550,4,2024-04-05,4000
763,38,798,3,2024-04-18,3000
764,88,397,2,2024-03-27,2000
765,93,290,1,2024-04-24,1000
766,95,553,4,2024-04-09,4000
767,29,731,2,2024-03-29,2000
768,35,177,4,2024-04-02,4000
769,89,451,3,2024-04-13,3000
770,88,332,2,2024-04-21,2000
771,16,867,1,2024-04-20,1000
772,30,482,1,2024-04-13,1000
773,26,943,2,2024-04-11,2000
774,73,674,2,2024-04-14,2000
775,88,679,3,2024-04-02,3000
776,93,243,1,2024-04-11,1000
777,1,254,4,2024-03-27,4000
778,62,536,4,2024-04-17,4000
779,46,688,4,2024-04-22,4000
780,37,722,4,2024-04-03,4000
781,70,610,2,2024-04-25,2000
782,60,403,1,2024-04-21,1000
783,26,545,3,2024-04-08,3000
784,45,999,3,2024-04-11,3000
785,36,739,4,2024-04-15,4000
786,88,734,3,2024-03-31,3000
787,28,997,3,2024-03-27,3000
788,24,204,2,2024-04-09,2000
789,11,84,3,2024-04-19,3000
790,5,987,4,2024-04-07,4000
791,46,234,4,2024-04-15,4000
792,96,639,3,2024-04-06,3000
793,72,988,3,2024-04-06,3000
794,45,286,3,2024-04-25,3000
795,47,56,2,2024-04-17,2000
796,81,538,2,2024-04-25,2000
797,5,179,1,2024-04-18,1000
798,33,879,1,2024-04-11,1000
799,2,591,3,2024-04-15,3000
800,8,292,1,2024-04-16,1000
801,29,833,3,2024-03-27,3000
802,93,894,3,2024-04-15,3000
803,34,199,1,2024-04-11,1000
804,44,145,2,2024-04-02,2000
805,75,184,3,2024-04-04,3000
806,99,708,1,2024-04-11,1000
807,63,131,3,2024-04-20,3000
808,89,510,2,2024-04-08,2000
809,48,258,3,2024-04-19,3000
810,18,216,4,2024-04-21,4000
811,85,657,2,2024-04-04,2000
812,8,382,1,2024-04-19,1000
813,33,833,4,2024-04-01,4000
814,56,317,4,2024-04-08,4000
815,13,835,3,2024-04-08,3000
816,59,352,3,2024-04-10,3000
817,45,651,2,2024-03-30,2000
818,27,525,3,2024-03-29,3000
819,3,706,3,2024-04-19,3000
820,91,546,3,2024-04-10,3000
821,46,167,1,2024-04-02,1000
822,46,426,1,2024-03-27,1000
823,53,260,2,2024-04-10,2000
824,25,487,2,2024-04-22,2000
825,84,9,2,2024-04-13,2000
826,8,316,4,2024-03-28,4000
827,85,413,4,2024-03-29,4000
828,21,195,1,2024-04-23,1000
829,20,256,1,2024-04-24,1000
830,86,404,3,2024-04-11,3000
831,92,392,2,2024-04-17,2000
832,43,70,2,2024-04-22,2000
833,55,632,2,2024-03-28,2000
834,36,927,2,2024-03-28,2000
835,55,280,4,2024-04-13,4000
836,97,499,1,2024-04-22,1000
837,53,881,4,2024-04-16,4000
838,36,581,4,2024-03-27,4000
839,34,78,4,2024-04-12,4000
840,16,837,4,2024-04-14,4000
841,96,996,2,2024-04-06,2000
842,17,897,4,2024-04-10,4000
843,42,498,4,2024-04-19,4000
844,71,843,4,2024-04-25,4000
845,99,461,4,2024-04-22,4000
846,11,295,3,2024-03-31,3000
847,52,120,4,2024-03-31,4000
848,37,953,3,2024-04-22,3000
849,56,568,2,2024-04-15,2000
850,50,274,2,2024-04-09,2000
851,28,716,1,2024-04-04,1000
852,96,901,1,2024-04-09,1000
853,68,318,4,2024-04-08,4000
854,75,737,1,2024-04-21,1000
855,35,926,1,2024-04-20,1000
856,15,207,4,2024-04-22,4000
857,56,14,3,2024-04-17,3000
858,35,516,1,2024-04-25,1000
859,55,680,3,2024-03-29,3000
860,34,259,3,2024-04-10,3000
861,83,71,2,2024-04-02,2000
862,87,302,3,2024-04-24,3000
863,22,43,4,2024-04-24,4000
864,56,720,3,2024-04-10,3000
865,31,661,2,2024-04-04,2000
866,22,568,3,2024-04-16,3000
867,8,603,4,2024-04-18,4000
868,40,621,2,2024-04-09,2000
869,58,156,3,2024-04-08,3000
870,8,260,3,2024-04-19,3000
871,97,739,1,2024-04-15,1000
872,55,180,1,2024-04-15,1000
873,58,40,4,2024-04-24,4000
874,82,635,1,2024-04-24,1000
875,61,387,2,2024-04-21,2000
876,67,609,4,2024-04-10,4000
877,79,882,4,2024-04-08,4000
878,95,581,2,2024-04-10,2000
879,38,917,2,2024-04-12,2000
880,20,505,3,2024-03-27,3000
881,70,477,4,2024-04-02,4000
882,3,29,4,2024-03-30,4000
883,90,310,1,2024-04-17,1000
884,39,852,3,2024-04-18,3000
885,10,43,3,2024-04-22,3000
886,30,688,1,2024-04-14,1000
887,50,581,4,2024-04-01,4000
888,77,655,1,2024-04-22,1000
889,33,211,4,2024-04-25,4000
890,14,702,4,2024-03-28,4000
891,8,532,2,2024-03-27,2000
892,84,722,3,2024-04-16,3000
893,78,913,4,2024-04-06,4000
894,29,469,4,2024-04-19,4000
895,97,608,2,2024-04-25,2000
896,26,206,2,2024-04-05,2000
897,76,161,2,2024-04-22,2000
898,94,121,3,2024-04-10,3000
899,69,815,1,2024-04-23,1000
900,15,215,4,2024-04-03,4000
901,35,290,2,2024-04-03,2000
902,60,379,1,2024-04-22,1000
903,50,358,2,2024-04-25,2000
904,76,182,4,2024-04-19,4000
905,86,643,4,2024-03-28,4000
906,59,831,2,2024-04-07,2000
907,79,828,4,2024-04-01,4000
908,17,155,1,2024-04-10,1000
909,47,863,3,2024-04-04,3000
910,56,140,1,2024-03-31,1000
911,84,921,4,2024-04-02,4000
912,97,531,3,2024-04-07,3000
913,48,952,2,2024-04-10,2000
914,83,488,4,2024-04-18,4000
915,3,454,2,2024-04-16,2000
916,37,242,1,2024-04-07,1000
917,81,881,3,2024-04-23,3000
918,74,184,4,2024-04-06,4000
919,50,768,3,2024-04-07,3000
920,77,78,4,2024-04-25,4000
921,18,683,3,2024-04-21,3000
922,83,712,1,2024-03-30,1000
923,26,512,3,2024-04-05,3000
924,26,470,2,2024-04-04,2000
925,41,189,3,2024-03-27,3000
926,75,384,3,2024-04-04,3000
927,95,126,2,2024-04-19,2000
928,8,65,4,2024-04-17,4000
929,70,143,1,2024-04-16,1000
930,82,83,3,2024-04-01,3000
931,63,278,2,2024-04-17,2000
932,63,662,3,2024-04-20,3000
933,85,8,1,2024-04-09,1000
934,45,300,4,2024-04-12,4000
935,80,820,4,2024-04-25,4000
936,31,150,2,2024-04-20,2000
937,3,539,2,2024-04-05,2000
938,49,319,3,2024-03-31,3000
939,93,907,2,2024-04-09,2000
940,78,132,4,2024-04-23,4000
941,6,835,2,2024-04-21,2000
942,76,484,4,2024-04-13,4000
943,19,910,3,2024-04-10,3000
944,31,112,2,2024-04-16,2000
945,86,704,1,2024-04-01,1000
946,19,762,2,2024-04-22,2000
947,96,187,3,2024-04-10,3000
948,82,759,3,2024-04-18,3000
949,78,96,3,2024-04-05,3000
950,47,730,2,2024-04-08,2000
951,57,749,3,2024-04-24,3000
952,23,662,3,2024-04-08,3000
953,73,495,1,2024-04-07,1000
954,81,696,3,2024-04-14,3000
955,63,529,2,2024-04-11,2000
956,1,12,2,2024-04-01,2000
957,97,796,2,2024-04-20,2000
958,31,635,1,2024-04-10,1000
959,2,691,4,2024-03-28,4000
960,48,628,3,2024-04-08,3000
961,61,314,1,2024-04-11,1000
962,88,176,1,2024-04-07,1000
963,91,411,3,2024-04-11,3000
964,49,714,2,2024-04-21,2000
965,86,475,3,2024-04-25,3000
966,34,26,4,2024-04-15,4000
967,68,748,1,2024-04-04,1000
968,82,435,2,2024-04-19,2000
969,22,33,1,2024-03-27,1000
970,25,578,4,2024-03-31,4000
971,68,920,3,2024-04-24,3000
972,61,681,2,2024-04-24,2000
973,84,995,4,2024-04-10,4000
974,12,224,3,2024-04-22,3000
975,1,632,1,2024-04-08,1000
976,92,48,3,2024-03-27,3000
977,71,926,1,2024-04-15,1000
978,78,204,3,2024-04-04,3000
979,54,378,4,2024-04-18,4000
980,54,357,1,2024-04-15,1000
981,57,400,2,2024-04-14,2000
982,21,225,3,2024-04-01,3000
983,81,584,1,2024-04-18,1000
984,21,697,1,2024-04-17,1000
985,45,192,2,2024-04-10,2000
986,93,903,2,2024-04-12,2000
987,37,375,2,2024-04-24,2000
988,77,906,3,2024-04-03,3000
989,36,585,1,2024-03-27,1000
990,22,260,4,2024-04-09,4000
991,56,882,1,2024-03-27,1000
992,14,273,2,2024-03-27,2000
993,33,972,1,2024-04-02,1000
994,19,345,4,2024-04-11,4000
995,92,372,1,2024-04-04,1000
996,57,481,3,2024-04-01,3000
997,83,88,3,2024-04-15,3000
998,96,477,1,2024-03-31,1000
999,33,998,3,2024-04-03,3000
1000,17,416,3,2024-04-10,3000
1001,49,795,4,2024-04-07,4000
1002,43,189,2,2024-04-25,2000
1003,84,753,4,2024-04-21,4000
1004,24,999,1,2024-04-06,1000
1005,25,990,4,2024-04-03,4000
1006,51,920,3,2024-03-30,3000
1007,56,387,3,2024-04-21,3000
1008,6,372,3,2024-04-13,3000
1009,9,856,1,2024-04-25,1000
1010,77,998,1,2024-03-28,1000
1011,90,418,1,2024-03-29,1000
1012,90,126,2,2024-04-17,2000
1013,81,759,3,2024-04-06,3000
1014,27,842,2,2024-03-30,2000
1015,79,633,2,2024-04-01,2000
1016,82,930,3,2024-03-30,3000
1017,34,990,3,2024-04-02,3000
1018,26,78,1,2024-04-05,1000
1019,77,643,3,2024-04-09,3000
1020,49,49,4,2024-03-29,4000
1021,60,291,3,2024-04-08,3000
1022,62,646,2,2024-03-27,2000
1023,98,557,2,2024-04-23,2000
1024,89,352,3,2024-04-22,3000
1025,45,822,1,2024-04-15,1000
1026,28,979,4,2024-04-15,4000
1027,78,519,2,2024-03-31,2000
1028,97,354,1,2024-04-12,1000
1029,52,511,4,2024-04-11,4000
1030,82,116,1,2024-03-28,1000
1031,40,66,3,2024-03-28,3000
1032,86,424,2,2024-04-08,2000
1033,30,772,4,2024-03-27,4000
1034,1,55,1,2024-04-11,1000
1035,81,855,1,2024-04-04,1000
1036,6,599,1,2024-04-21,1000
1037,26,201,2,2024-04-14,2000
1038,37,140,2,2024-04-24,2000
1039,84,727,3,2024-04-17,3000
1040,96,857,1,2024-04-23,1000
1041,58,269,2,2024-04-04,2000
1042,2,428,3,2024-04-06,3000
1043,74,758,4,2024-04-11,4000
1044,60,68,4,2024-04-19,4000
1045,6,457,3,2024-04-09,3000
1046,13,568,4,2024-04-22,4000
1047,84,13,2,2024-04-04,2000
1048,42,797,3,2024-04-16,3000
1049,94,14,4,2024-04-09,4000
1050,52,344,1,2024-04-02,1000
1051,65,8,1,2024-04-25,1000
1052,28,832,4,2024-04-05,4000
1053,16,918,2,2024-04-12,2000
1054,80,823,1,2024-03-29,1000
1055,66,277,2,2024-03-27,2000
1056,7,744,4,2024-04-14,4000
1057,69,968,2,2024-04-02,2000
1058,16,945,2,2024-04-05,2000
1059,80,433,3,2024-04-06,3000
1060,32,93,1,2024-04-10,1000
1061,8,449,4,2024-04-18,4000
1062,81,40,2,2024-03-30,2000
1063,30,961,2,2024-04-19,2000
1064,94,349,4,2024-04-03,4000
1065,26,181,2,2024-04-17,2000
1066,66,250,2,2024-04-23,2000
1067,91,19,4,2024-04-04,4000
1068,47,969,4,2024-04-25,4000
1069,66,211,1,2024-03-27,1000
1070,5,208,1,2024-04-14,1000
1071,92,68,1,2024-04-07,1000
1072,51,517,4,2024-04-13,4000
1073,87,667,1,2024-03-29,1000
1074,52,309,3,2024-04-11,3000
1075,78,435,4,2024-04-21,4000
1076,39,12,3,2024-04-12,3000
1077,29,980,4,2024-04-10,4000
1078,2,735,3,2024-04-06,3000
1079,71,750,4,2024-04-06,4000
1080,87,85,4,2024-04-03,4000
1081,6,778,3,2024-04-12,3000
1082,6,833,3,2024-04-20,3000
1083,38,473,1,2024-03-31,1000
1084,51,24,3,2024-03-28,3000
1085,93,516,2,2024-04-09,2000
1086,27,288,4,2024-04-17,4000
1087,92,667,2,2024-04-01,2000
1088,51,84,1,2024-04-05,1000
1089,46,190,1,2024-04-08,1000
1090,73,79,2,2024-04-20,2000
1091,81,984,1,2024-04-14,1000
1092,28,862,2,2024-04-21,2000
1093,87,247,1,2024-04-01,1000
1094,92,433,1,2024-04-22,1000
1095,42,200,4,2024-04-05,4000
1096,31,91,3,2024-03-29,3000
1097,38,463,3,2024-04-11,3000
1098,92,61,1,2024-03-31,1000
1099,93,28,4,2024-04-09,4000
1100,39,426,3,2024-04-12,3000
1101,90,949,2,2024-04-09,2000
1102,65,980,4,2024-04-05,4000
1103,36,669,2,2024-04-02,2000
1104,80,957,3,2024-04-02,3000
1105,80,279,2,2024-04-17,2000
1106,76,801,2,2024-04-14,2000
1107,23,141,2,2024-03-28,2000
1108,50,173,4,2024-04-25,4000
1109,70,869,1,2024-04-08,1000
1110,21,682,1,2024-04-15,1000
1111,66,816,4,2024-03-29,4000
1112,30,549,3,2024-04-02,3000
1113,30,921,4,2024-04-23,4000
1114,29,606,3,2024-03-28,3000
1115,20,510,3,2024-03-30,3000
1116,32,450,2,2024-04-03,2000
1117,51,661,3,2024-04-14,3000
1118,28,296,1,2024-04-15,1000
1119,95,507,1,2024-04-04,1000
1120,84,221,4,2024-04-15,4000
1121,20,447,1,2024-03-30,1000
1122,24,601,4,2024-04-19,4000
1123,49,802,1,2024-04-16,1000
1124,64,244,1,2024-04-05,1000
1125,78,437,1,2024-03-31,1000
1126,92,310,4,2024-04-21,4000
1127,53,517,2,2024-04-14,2000
1128,30,772,4,2024-04-13,4000
1129,90,580,4,2024-04-18,4000
1130,72,944,3,2024-04-05,3000
1131,37,65,1,2024-04-12,1000
1132,53,552,4,2024-04-18,4000
1133,43,214,4,2024-04-21,4000
1134,55,84,3,2024-04-01,3000
1135,80,67,4,2024-04-01,4000
1136,43,667,2,2024-04-11,2000
1137,15,257,3,2024-04-05,3000
1138,44,354,2,2024-04-09,2000
1139,45,133,1,2024-04-10,1000
1140,54,803,4,2024-04-16,4000
1141,92,772,4,2024-04-20,4000
1142,82,300,3,2024-04-08,3000
1143,84,235,4,2024-04-10,4000
1144,18,220,2,2024-04-24,2000
1145,37,1,3,2024-04-15,3000
1146,77,894,4,2024-03-31,4000
1147,36,220,4,2024-04-10,4000
1148,33,327,2,2024-04-06,2000
1149,36,531,4,2024-04-13,4000
1150,6,595,2,2024-04-20,2000
1151,46,871,2,2024-04-02,2000
1152,72,219,3,2024-04-11,3000
1153,74,792,3,2024-04-15,3000
1154,31,705,2,2024-04-07,2000
1155,20,451,1,2024-04-09,1000
1156,7,884,2,2024-04-06,2000
1157,87,784,4,2024-04-12,4000
1158,7,257,2,2024-04-22,2000
1159,71,930,1,2024-04-18,1000
1160,94,133,4,2024-04-25,4000
1161,85,843,3,2024-04-25,3000
1162,82,562,2,2024-04-21,2000
1163,11,450,3,2024-04-19,3000
1164,18,591,3,2024-04-24,3000
1165,32,969,1,2024-04-25,1000
1166,29,165,4,2024-04-19,4000
1167,66,302,1,2024-04-18,1000
1168,68,437,4,2024-04-16,4000
1169,72,901,3,2024-03-29,3000
1170,9,292,3,2024-04-07,3000
1171,61,521,3,2024-04-16,3000
1172,89,390,2,2024-04-15,2000
1173,94,182,1,2024-04-22,1000
1174,60,732,4,2024-03-31,4000
1175,95,291,4,2024-04-23,4000
1176,54,95,2,2024-04-24,2000
1177,52,478,2,2024-04-19,2000
1178,73,547,3,2024-03-28,3000
1179,83,919,4,2024-04-15,4000
1180,47,479,4,2024-04-14,4000
1181,43,399,3,2024-04-19,3000
1182,97,34,2,2024-03-29,2000
1183,88,682,3,2024-03-28,3000
1184,99,306,1,2024-03-30,1000
1185,21,424,1,2024-04-02,1000
1186,63,347,1,2024-04-18,1000
1187,87,883,2,2024-03-27,2000
1188,64,241,4,2024-03-30,4000
1189,66,889,1,2024-04-08,1000
1190,55,712,4,2024-03-30,4000
1191,7,667,2,2024-04-19,2000
1192,14,786,4,2024-04-08,4000
1193,48,522,3,2024-04-24,3000
1194,22,748,4,2024-03-28,4000
1195,76,348,4,2024-04-13,4000
1196,76,207,4,2024-03-30,4000
1197,51,930,4,2024-04-24,4000
1198,8,876,1,2024-04-15,1000
1199,44,811,2,2024-03-27,2000
1200,66,752,3,2024-03-31,3000
1201,33,596,4,2024-04-24,4000
1202,54,852,2,2024-04-17,2000
1203,20,832,1,2024-04-04,1000
1204,87,535,4,2024-04-03,4000
1205,35,590,3,2024-04-21,3000
1206,93,194,2,2024-04-11,2000
1207,80,395,1,2024-04-08,1000
1208,89,222,4,2024-04-15,4000
1209,71,627,3,2024-04-15,3000
1210,47,597,2,2024-04-05,2000
1211,52,914,3,2024-04-15,3000
1212,68,620,4,2024-04-20,4000
1213,91,302,3,2024-03-30,3000
1214,7,948,2,2024-04-07,2000
1215,68,268,2,2024-04-16,2000
1216,91,595,1,2024-04-21,1000
1217,53,180,1,2024-04-01,1000
1218,10,358,1,2024-04-17,1000
1219,82,19,2,2024-03-31,2000
1220,14,79,2,2024-04-17,2000
1221,93,161,2,2024-04-22,2000
1222,24,313,3,2024-04-21,3000
1223,71,22,3,2024-04-07,3000
1224,92,600,4,2024-04-10,4000
1225,84,469,3,2024-04-23,3000
1226,58,675,1,2024-04-09,1000
1227,77,46,1,2024-04-20,1000
1228,84,440,4,2024-04-18,4000
1229,22,184,3,2024-03-31,3000
1230,60,743,3,2024-04-15,3000
1231,43,930,3,2024-04-13,3000
1232,72,730,3,2024-04-11,3000
1233,34,686,2,2024-04-11,2000
1234,65,85,2,2024-04-12,2000
1235,19,78,1,2024-04-13,1000
1236,49,744,2,2024-04-23,2000
1237,23,301,4,2024-03-27,4000
1238,96,367,4,2024-04-01,4000
1239,55,552,4,2024-04-07,4000
1240,53,332,1,2024-03-27,1000
1241,90,848,3,2024-04-09,3000
1242,81,790,4,2024-04-03,4000
1243,29,999,4,2024-04-05,4000
1244,26,401,1,2024-04-21,1000
1245,99,164,4,2024-04-25,4000
1246,65,567,3,2024-04-05,3000
1247,25,620,1,2024-04-11,1000
1248,39,189,4,2024-04-05,4000
1249,30,706,3,2024-04-21,3000
1250,51,117,4,2024-03-28,4000
1251,20,439,4,2024-04-20,4000
1252,40,833,2,2024-04-01,2000
1253,37,615,1,2024-04-19,1000
1254,58,974,2,2024-04-23,2000
1255,81,253,4,2024-04-16,4000
1256,89,585,2,2024-03-28,2000
1257,7,56,3,2024-04-25,3000
1258,33,508,1,2024-03-29,1000
1259,91,631,2,2024-04-01,2000
1260,47,84,1,2024-04-12,1000
1261,98,754,3,2024-03-28,3000
1262,81,698,3,2024-04-22,3000
1263,31,48,4,2024-04-09,4000
1264,77,110,3,2024-04-14,3000
1265,89,800,1,2024-04-12,1000
1266,62,731,1,2024-04-21,1000
1267,6,173,1,2024-04-09,1000
1268,76,681,4,2024-04-14,4000
1269,42,934,4,2024-04-09,4000
1270,57,343,1,2024-04-14,1000
1271,30,110,1,2024-04-23,1000
1272,9,580,1,2024-04-16,1000
1273,90,84,1,2024-04-13,1000
1274,62,234,3,2024-04-19,3000
1275,2,635,4,2024-04-05,4000
1276,95,969,1,2024-04-17,1000
1277,19,943,1,2024-04-24,1000
1278,75,874,2,2024-04-16,2000
1279,47,1,4,2024-04-24,4000
1280,11,417,2,2024-04-23,2000
1281,8,777,4,2024-04-06,4000
1282,10,750,2,2024-04-20,2000
1283,84,475,1,2024-04-14,1000
1284,14,771,3,2024-04-14,3000
1285,36,426,3,2024-04-23,3000
1286,5,438,1,2024-04-18,1000
1287,31,906,4,2024-04-16,4000
1288,88,679,3,2024-04-05,3000
1289,29,846,2,2024-04-20,2000
1290,82,400,4,2024-04-14,4000
1291,35,122,2,2024-04-01,2000
1292,54,376,1,2024-04-01,1000
1293,68,209,2,2024-04-02,2000
1294,76,851,2,2024-04-18,2000
1295,36,697,4,2024-04-21,4000
1296,42,652,4,2024-04-05,4000
1297,27,106,1,2024-03-30,1000
1298,81,799,2,2024-03-30,2000
1299,26,591,1,2024-04-15,1000
1300,57,543,1,2024-04-02,1000
1301,47,266,3,2024-04-22,3000
1302,80,561,1,2024-04-16,1000
1303,28,774,4,2024-04-07,4000
1304,34,996,4,2024-03-27,4000
1305,48,217,4,2024-03-29,4000
1306,96,267,3,2024-04-09,3000
1307,3,626,4,2024-04-22,4000
1308,66,265,4,2024-04-25,4000
1309,56,35,2,2024-04-24,2000
1310,52,640,1,2024-04-24,1000
1311,21,8,1,2024-04-01,1000
1312,52,227,3,2024-04-09,3000
1313,75,960,3,2024-04-04,3000
1314,98,616,1,2024-04-09,1000
1315,36,647,3,2024-04-15,3000
1316,51,749,2,2024-04-18,2000
1317,98,791,2,2024-04-22,2000
1318,71,263,1,2024-04-08,1000
1319,68,510,1,2024-04-05,1000
1320,78,129,3,2024-03-29,3000
1321,42,965,4,2024-04-19,4000
1322,23,983,4,2024-04-16,4000
1323,32,829,2,2024-04-11,2000
1324,89,354,4,2024-04-16,4000
1325,59,738,4,2024-04-08,4000
1326,33,985,4,2024-04-22,4000
1327,65,283,4,2024-04-08,4000
1328,6,214,2,2024-04-22,2000
1329,4,720,2,2024-04-12,2000
1330,71,729,3,2024-04-16,3000
1331,43,865,2,2024-04-02,2000
1332,4,663,1,2024-04-02,1000
1333,13,165,2,2024-04-22,2000
1334,9,31,3,2024-04-03,3000
1335,40,767,1,2024-04-14,1000
1336,97,221,2,2024-04-24,2000
1337,81,971,4,2024-03-27,4000
1338,54,77,4,2024-04-04,4000
1339,36,36,2,2024-04-15,2000
1340,62,407,1,2024-03-27,1000
1341,59,692,2,2024-04-12,2000
1342,48,721,4,2024-04-02,4000
1343,47,429,4,2024-04-25,4000
1344,23,462,3,2024-04-16,3000
1345,80,959,4,2024-04-14,4000
1346,24,799,3,2024-04-24,3000
1347,66,400,2,2024-04-08,2000
1348,70,226,3,2024-04-25,3000
1349,35,636,2,2024-04-06,2000
1350,39,604,2,2024-04-11,2000
1351,40,692,4,2024-04-22,4000
1352,3,46,3,2024-04-25,3000
1353,36,195,3,2024-04-13,3000
1354,34,746,4,2024-03-28,4000
1355,3,568,1,2024-03-29,1000
1356,86,428,2,2024-04-01,2000
1357,42,269,3,2024-04-06,3000
1358,14,364,2,2024-04-08,2000
1359,95,438,2,2024-04-19,2000
1360,41,530,4,2024-03-27,4000
1361,29,206,3,2024-04-09,3000
1362,62,225,1,2024-04-08,1000
1363,72,840,1,2024-04-15,1000
1364,88,597,3,2024-04-17,3000
1365,68,33,1,2024-04-24,1000
1366,46,978,1,2024-04-02,1000
1367,73,738,1,2024-04-12,1000
1368,39,74,2,2024-03-27,2000
1369,27,742,3,2024-04-17,3000
1370,2,42,4,2024-04-23,4000
1371,79,673,1,2024-03-30,1000
1372,12,58,1,2024-04-24,1000
1373,3,423,1,2024-04-24,1000
1374,67,457,3,2024-04-17,3000
1375,24,559,3,2024-04-23,3000
1376,95,444,4,2024-04-14,4000
1377,39,695,3,2024-04-15,3000
1378,7,122,2,2024-03-27,2000
1379,67,49,1,2024-04-19,1000
1380,72,126,3,2024-04-05,3000
1381,41,951,1,2024-04-07,1000
1382,58,512,1,2024-04-17,1000
1383,87,856,3,2024-03-29,3000
1384,8,910,4,2024-04-12,4000
1385,18,539,2,2024-03-28,2000
1386,85,747,2,2024-03-27,2000
1387,30,212,4,2024-04-21,4000
1388,10,437,3,2024-03-27,3000
1389,85,434,2,2024-03-28,2000
1390,69,786,3,2024-03-29,3000
1391,55,646,3,2024-04-17,3000
1392,62,372,1,2024-04-10,1000
1393,8,652,1,2024-03-27,1000
1394,21,332,2,2024-04-19,2000
1395,88,618,4,2024-04-10,4000
1396,14,525,2,2024-04-06,2000
1397,80,5,1,2024-04-19,1000
1398,4,797,2,2024-04-17,2000
1399,45,413,1,2024-04-23,1000
1400,66,141,4,2024-04-18,4000
1401,87,364,2,2024-04-14,2000
1402,74,803,1,2024-04-03,1000
1403,74,345,3,2024-04-11,3000
1404,69,269,1,2024-04-16,1000
1405,11,598,4,2024-04-03,4000
1406,77,917,3,2024-04-24,3000
1407,97,403,1,2024-04-06,1000
1408,12,658,3,2024-04-03,3000
1409,63,352,2,2024-04-13,2000
1410,67,940,2,2024-04-01,2000
1411,25,874,1,2024-04-01,1000
1412,34,132,1,2024-04-07,1000
1413,3,309,1,2024-04-20,1000
1414,69,177,2,2024-04-06,2000
1415,37,921,1,2024-04-07,1000
1416,5,324,2,2024-04-25,2000
1417,45,221,4,2024-04-10,4000
1418,28,651,3,2024-04-21,3000
1419,38,141,4,2024-04-01,4000
1420,45,256,3,2024-04-09,3000
1421,12,871,4,2024-04-04,4000
1422,24,475,3,2024-04-04,3000
1423,21,789,1,2024-03-30,1000
1424,73,5,3,2024-04-24,3000
1425,70,724,3,2024-04-14,3000
1426,8,916,1,2024-04-22,1000
1427,52,528,3,2024-04-11,3000
1428,92,327,4,2024-04-05,4000
1429,84,644,4,2024-04-09,4000
1430,50,559,1,2024-04-15,1000
1431,49,722,1,2024-04-16,1000
1432,24,378,4,2024-04-24,4000
1433,48,287,2,2024-04-12,2000
1434,89,779,3,2024-04-10,3000
1435,94,300,4,2024-04-01,4000
1436,68,663,1,2024-04-08,1000
1437,33,546,3,2024-03-30,3000
1438,39,714,2,2024-04-15,2000
1439,43,318,2,2024-04-11,2000
1440,88,133,4,2024-04-14,4000
1441,12,962,4,2024-04-04,4000
1442,3,319,3,2024-03-31,3000
1443,62,842,4,2024-04-12,4000
1444,6,960,3,2024-04-18,3000
1445,50,996,4,2024-04-21,4000
1446,81,804,1,2024-04-06,1000
1447,74,835,3,2024-04-07,3000
1448,86,422,2,2024-04-10,2000
1449,35,497,3,2024-04-08,3000
1450,45,848,2,2024-04-18,2000
1451,75,470,1,2024-04-10,1000
1452,26,255,3,2024-03-29,3000
1453,78,638,4,2024-03-27,4000
1454,7,410,2,2024-03-31,2000
1455,41,148,4,2024-04-11,4000
1456,32,880,4,2024-04-03,4000
1457,71,918,4,2024-04-03,4000
1458,98,200,3,2024-04-07,3000
1459,64,779,2,2024-04-06,2000
1460,60,845,4,2024-04-24,4000
1461,82,756,4,2024-04-04,4000
1462,50,529,4,2024-04-06,4000
1463,63,685,2,2024-03-29,2000
1464,57,573,3,2024-04-13,3000
1465,84,188,2,2024-04-22,2000
1466,55,315,1,2024-04-16,1000
1467,37,871,4,2024-03-27,4000
1468,79,412,4,2024-04-24,4000
1469,57,875,4,2024-04-04,4000
1470,44,908,2,2024-04-18,2000
1471,38,986,3,2024-04-18,3000
1472,33,529,3,2024-04-10,3000
1473,19,767,4,2024-04-21,4000
1474,20,149,4,2024-04-15,4000
1475,54,968,4,2024-04-02,4000
1476,57,752,4,2024-04-12,4000
1477,71,863,3,2024-04-17,3000
1478,20,958,2,2024-03-31,2000
1479,66,371,1,2024-04-08,1000
1480,15,319,3,2024-03-29,3000
1481,18,779,4,2024-03-27,4000
1482,45,675,3,2024-04-11,3000
1483,65,205,2,2024-04-22,2000
1484,91,453,4,2024-04-17,4000
1485,73,564,1,2024-03-30,1000
1486,29,381,4,2024-04-18,4000
1487,81,432,3,2024-04-05,3000
1488,20,830,2,2024-04-03,2000
1489,61,905,2,2024-04-16,2000
1490,93,50,3,2024-04-16,3000
1491,64,744,3,2024-04-04,3000
1492,24,874,1,2024-04-01,1000
1493,23,852,2,2024-04-10,2000
1494,92,688,1,2024-03-29,1000
1495,55,15,2,2024-04-01,2000
1496,60,222,4,2024-04-13,4000
1497,20,404,3,2024-04-25,3000
1498,28,734,4,2024-04-24,4000
1499,34,792,4,2024-04-23,4000
1500,86,505,2,2024-04-11,2000
1501,70,275,1,2024-04-13,1000
1502,86,887,2,2024-03-29,2000
1503,2,88,1,2024-04-24,1000
1504,15,612,3,2024-04-10,3000
1505,29,110,1,2024-04-25,1000
1506,92,438,3,2024-03-29,3000
1507,17,194,1,2024-04-22,1000
1508,87,959,3,2024-04-24,3000
1509,70,780,3,2024-04-02,3000
1510,93,889,3,2024-04-07,3000
1511,29,617,2,2024-04-09,2000
1512,17,703,2,2024-04-20,2000
1513,52,576,1,2024-04-20,1000
1514,49,479,1,2024-04-11,1000
1515,76,934,2,2024-04-15,2000
1516,53,844,4,2024-04-05,4000
1517,28,450,4,2024-04-18,4000
1518,96,669,4,2024-04-02,4000
1519,5,765,4,2024-04-21,4000
1520,63,936,2,2024-04-08,2000
1521,6,803,1,2024-04-08,1000
1522,23,877,1,2024-04-05,1000
1523,34,9,2,2024-04-02,2000
1524,69,562,4,2024-03-30,4000
1525,64,903,4,2024-04-25,4000
1526,21,518,4,2024-04-17,4000
1527,91,604,3,2024-04-09,3000
1528,66,300,1,2024-04-03,1000
1529,86,899,4,2024-04-24,4000
1530,50,286,3,2024-04-03,3000
1531,40,1,2,2024-04-21,2000
1532,59,625,2,2024-04-15,2000
1533,44,12,1,2024-04-21,1000
1534,50,836,1,2024-03-31,1000
1535,97,560,1,2024-04-20,1000
1536,15,107,1,2024-04-11,1000
1537,30,732,2,2024-04-15,2000
1538,98,709,1,2024-04-11,1000
1539,83,242,4,2024-04-09,4000
1540,71,277,4,2024-04-07,4000
1541,17,302,1,2024-04-22,1000
1542,71,69,1,2024-04-17,1000
1543,81,520,3,2024-04-12,3000
1544,70,821,2,2024-04-12,2000
1545,49,36,2,2024-04-14,2000
1546,31,626,1,2024-04-11,1000
1547,4,585,1,2024-04-08,1000
1548,99,195,2,2024-04-19,2000
1549,29,103,3,2024-04-17,3000
1550,23,311,2,2024-04-05,2000
1551,88,895,3,2024-04-22,3000
1552,56,611,2,2024-04-08,2000
1553,41,364,1,2024-04-04,1000
1554,27,450,1,2024-04-16,1000
1555,92,772,3,2024-03-27,3000
1556,40,911,4,2024-04-21,4000
1557,94,685,1,2024-04-06,1000
1558,43,316,3,2024-04-23,3000
1559,80,756,4,2024-03-27,4000
1560,32,158,3,2024-04-12,3000
1561,80,28,1,2024-04-15,1000
1562,33,119,2,2024-04-22,2000
1563,37,86,1,2024-03-30,1000
1564,88,309,4,2024-04-22,4000
1565,7,141,2,2024-04-11,2000
1566,86,416,1,2024-04-01,1000
1567,90,221,1,2024-04-13,1000
1568,64,29,1,2024-04-19,1000
1569,28,102,3,2024-04-01,3000
1570,43,764,3,2024-04-21,3000
1571,35,107,2,2024-04-19,2000
1572,25,99,2,2024-03-29,2000
1573,25,523,4,2024-04-11,4000
1574,87,166,3,2024-03-28,3000
1575,54,353,4,2024-04-09,4000
1576,97,456,4,2024-04-16,4000
1577,49,135,2,2024-04-19,2000
1578,92,476,2,2024-04-07,2000
1579,75,288,4,2024-03-28,4000
1580,42,302,2,2024-04-08,2000
1581,76,5,4,2024-04-07,4000
1582,39,540,3,2024-04-23,3000
1583,49,672,2,2024-04-25,2000
1584,7,551,4,2024-04-02,4000
1585,23,863,4,2024-04-02,4000
1586,73,576,4,2024-03-30,4000
1587,65,389,4,2024-04-14,4000
1588,96,179,4,2024-04-18,4000
1589,4,405,2,2024-03-29,2000
1590,23,830,4,2024-04-24,4000
1591,81,849,1,2024-04-11,1000
1592,41,75,3,2024-04-23,3000
1593,44,721,3,2024-04-06,3000
1594,34,475,2,2024-04-12,2000
1595,39,633,1,2024-04-14,1000
1596,57,843,2,2024-04-21,2000
1597,69,234,2,2024-04-24,2000
1598,18,255,1,2024-04-15,1000
1599,80,949,3,2024-04-20,3000
1600,97,943,1,2024-04-01,1000
1601,6,924,4,2024-04-04,4000
1602,21,242,1,2024-03-30,1000
1603,74,455,4,2024-03-30,4000
1604,21,219,1,2024-04-01,1000
1605,69,511,3,2024-04-16,3000
1606,47,473,1,2024-04-22,1000
1607,17,169,1,2024-04-10,1000
1608,44,112,2,2024-04-11,2000
1609,59,789,2,2024-04-22,2000
1610,32,28,4,2024-04-11,4000
1611,69,973,2,2024-04-10,2000
1612,7,721,1,2024-04-10,1000
1613,47,743,3,2024-04-19,3000
1614,97,839,4,2024-04-03,4000
1615,12,304,1,2024-04-13,1000
1616,63,450,1,2024-03-28,1000
1617,32,775,4,2024-04-06,4000
1618,75,189,2,2024-03-31,2000
1619,33,889,4,2024-04-13,4000
1620,82,547,3,2024-04-03,3000
1621,21,206,4,2024-04-12,4000
1622,14,504,3,2024-04-21,3000
1623,17,192,2,2024-03-27,2000
1624,6,960,2,2024-04-20,2000
1625,18,371,1,2024-04-06,1000
1626,87,613,2,2024-04-08,2000
1627,41,803,1,2024-04-15,1000
1628,74,574,3,2024-03-28,3000
1629,91,253,4,2024-03-29,4000
1630,76,876,1,2024-04-22,1000
1631,94,36,1,2024-04-04,1000
1632,95,203,1,2024-04-01,1000
1633,86,737,1,2024-03-30,1000
1634,48,945,1,2024-04-11,1000
1635,76,739,1,2024-04-21,1000
1636,78,561,3,2024-04-23,3000
1637,73,413,3,2024-03-27,3000
1638,80,423,4,2024-03-29,4000
1639,18,789,4,2024-04-20,4000
1640,18,254,1,2024-04-19,1000
1641,5,55,3,2024-04-14,3000
1642,46,408,3,2024-04-22,3000
1643,63,288,3,2024-04-23,3000
1644,59,843,2,2024-04-24,2000
1645,47,735,4,2024-04-02,4000
1646,55,453,4,2024-04-17,4000
1647,60,680,1,2024-04-06,1000
1648,48,56,1,2024-04-01,1000
1649,86,309,1,2024-04-21,1000
1650,31,812,4,2024-04-08,4000
1651,12,481,3,2024-03-27,3000
1652,56,738,3,2024-04-13,3000
1653,80,350,3,2024-04-19,3000
1654,39,448,4,2024-04-13,4000
1655,20,744,3,2024-04-22,3000
1656,73,347,1,2024-03-30,1000
1657,73,473,3,2024-03-30,3000
1658,41,413,4,2024-04-02,4000
1659,93,863,1,2024-04-18,1000
1660,71,319,4,2024-03-30,4000
1661,20,967,4,2024-04-10,4000
1662,24,151,4,2024-04-07,4000
1663,37,888,1,2024-04-19,1000
1664,64,34,3,2024-03-31,3000
1665,65,306,3,2024-03-31,3000
1666,44,608,3,2024-03-30,3000
1667,17,419,4,2024-04-09,4000
1668,37,103,2,2024-03-30,2000
1669,19,859,1,2024-04-02,1000
1670,41,545,1,2024-04-20,1000
1671,32,1,4,2024-04-04,4000
1672,22,933,4,2024-04-17,4000
1673,34,17,4,2024-04-11,4000
1674,8,928,2,2024-04-03,2000
1675,68,364,1,2024-04-22,1000
1676,19,486,4,2024-03-28,4000
1677,49,712,4,2024-04-10,4000
1678,76,360,4,2024-04-05,4000
1679,12,688,1,2024-03-29,1000
1680,97,242,1,2024-04-15,1000
1681,78,563,4,2024-04-13,4000
1682,28,157,2,2024-04-05,2000
1683,56,903,3,2024-04-08,3000
1684,80,949,4,2024-04-17,4000
1685,22,483,2,2024-04-08,2000
1686,99,264,4,2024-04-14,4000
1687,88,414,1,2024-04-08,1000
1688,48,961,4,2024-04-12,4000
1689,63,359,2,2024-04-03,2000
1690,12,790,1,2024-04-02,1000
1691,57,601,4,2024-04-11,4000
1692,89,668,3,2024-04-14,3000
1693,53,887,4,2024-04-06,4000
1694,15,865,3,2024-03-29,3000
1695,71,204,1,2024-04-15,1000
1696,37,468,4,2024-04-18,4000
1697,86,954,2,2024-04-02,2000
1698,89,94,4,2024-04-04,4000
1699,48,408,2,2024-04-06,2000
1700,4,451,2,2024-04-11,2000
1701,26,250,3,2024-04-05,3000
1702,59,426,1,2024-04-20,1000
1703,37,424,2,2024-04-15,2000
1704,81,636,4,2024-04-07,4000
1705,59,79,2,2024-04-09,2000
1706,85,718,4,2024-04-21,4000
1707,35,647,1,2024-04-04,1000
1708,25,333,4,2024-04-04,4000
1709,41,508,1,2024-04-24,1000
1710,49,539,1,2024-04-17,1000
1711,77,96,3,2024-04-22,3000
1712,91,576,3,2024-04-07,3000
1713,49,130,2,2024-04-12,2000
1714,11,993,4,2024-03-27,4000
1715,28,937,1,2024-04-08,1000
1716,29,849,2,2024-04-23,2000
1717,94,347,3,2024-04-02,3000
1718,22,217,2,2024-04-20,2000
1719,41,652,3,2024-04-06,3000
1720,29,482,4,2024-04-20,4000
1721,45,668,3,2024-04-08,3000
1722,85,716,1,2024-03-27,1000
1723,9,711,2,2024-04-17,2000
1724,55,194,3,2024-04-02,3000
1725,45,888,2,2024-03-27,2000
1726,73,411,2,2024-04-21,2000
1727,30,87,3,2024-03-31,3000
1728,74,811,2,2024-04-08,2000
1729,37,821,2,2024-03-30,2000
1730,31,298,1,2024-03-28,1000
1731,68,710,1,2024-04-04,1000
1732,81,661,4,2024-04-21,4000
1733,15,68,3,2024-04-08,3000
1734,73,172,2,2024-04-16,2000
1735,60,243,1,2024-04-16,1000
1736,45,64,3,2024-04-18,3000
1737,34,435,1,2024-04-07,1000
1738,25,324,1,2024-04-04,1000
1739,87,733,2,2024-04-07,2000
1740,99,706,4,2024-03-28,4000
1741,43,182,1,2024-04-17,1000
1742,35,919,1,2024-04-22,1000
1743,37,766,1,2024-04-12,1000
1744,73,481,2,2024-04-25,2000
1745,57,516,3,2024-04-07,3000
1746,11,682,3,2024-04-12,3000
1747,63,104,1,2024-03-31,1000
1748,13,489,3,2024-04-13,3000
1749,65,310,1,2024-04-02,1000
1750,96,472,1,2024-04-09,1000
1751,87,728,3,2024-04-07,3000
1752,2,123,1,2024-04-15,1000
1753,88,557,1,2024-03-28,1000
1754,76,316,1,2024-04-01,1000
1755,44,575,4,2024-04-06,4000
1756,70,109,1,2024-04-24,1000
1757,82,658,2,2024-04-12,2000
1758,7,283,3,2024-04-20,3000
1759,76,701,4,2024-04-25,4000
1760,27,844,2,2024-04-07,2000
1761,75,195,3,2024-04-19,3000
1762,20,835,4,2024-04-25,4000
1763,15,416,3,2024-04-17,3000
1764,21,616,4,2024-04-14,4000
1765,17,321,4,2024-04-16,4000
1766,8,749,4,2024-04-14,4000
1767,61,737,4,2024-04-04,4000
1768,30,420,2,2024-03-30,2000
1769,5,688,3,2024-04-13,3000
1770,22,183,4,2024-04-02,4000
1771,38,770,4,2024-04-19,4000
1772,10,684,1,2024-04-03,1000
1773,97,668,2,2024-04-05,2000
1774,80,15,1,2024-04-06,1000
1775,22,998,1,2024-04-19,1000
1776,1,595,3,2024-04-07,3000
1777,37,220,3,2024-03-31,3000
1778,29,337,3,2024-04-20,3000
1779,20,716,3,2024-04-13,3000
1780,36,706,1,2024-04-25,1000
1781,16,998,2,2024-04-09,2000
1782,47,932,4,2024-04-05,4000
1783,85,169,1,2024-04-07,1000
1784,90,937,4,2024-04-05,4000
1785,56,189,4,2024-04-23,4000
1786,93,927,2,2024-03-27,2000
1787,64,49,1,2024-04-10,1000
1788,58,124,2,2024-03-28,2000
1789,20,267,4,2024-04-05,4000
1790,75,766,2,2024-04-16,2000
1791,19,411,3,2024-04-04,3000
1792,58,33,1,2024-04-22,1000
1793,79,86,2,2024-04-10,2000
1794,52,362,1,2024-04-11,1000
1795,24,681,4,2024-03-28,4000
1796,98,733,4,2024-04-10,4000
1797,16,956,4,2024-04-13,4000
1798,51,454,2,2024-03-27,2000
1799,97,53,1,2024-03-28,1000
1800,60,539,4,2024-04-12,4000
1801,87,119,3,2024-04-16,3000
1802,95,109,3,2024-04-04,3000
1803,61,84,2,2024-04-17,2000
1804,2,957,2,2024-04-18,2000
1805,92,406,4,2024-04-05,4000
1806,75,829,3,2024-04-05,3000
1807,35,626,4,2024-04-18,4000
1808,41,50,2,2024-03-27,2000
1809,46,696,3,2024-04-10,3000
1810,53,113,2,2024-04-02,2000
1811,43,462,2,2024-04-12,2000
1812,11,671,1,2024-04-18,1000
1813,83,195,4,2024-04-16,4000
1814,52,618,1,2024-04-06,1000
1815,1,663,1,2024-04-10,1000
1816,84,73,3,2024-04-25,3000
1817,41,978,3,2024-04-25,3000
1818,41,530,3,2024-04-15,3000
1819,83,676,3,2024-04-15,3000
1820,84,356,2,2024-04-09,2000
1821,20,423,1,2024-03-27,1000
1822,11,117,4,2024-03-31,4000
1823,58,271,3,2024-04-12,3000
1824,48,484,2,2024-03-30,2000
1825,64,685,2,2024-03-29,2000
1826,80,397,3,2024-04-24,3000
1827,37,416,1,2024-03-28,1000
1828,35,134,4,2024-04-10,4000
1829,44,373,3,2024-04-09,3000
1830,59,69,1,2024-03-27,1000
1831,46,84,4,2024-04-18,4000
1832,27,510,4,2024-04-07,4000
1833,88,665,3,2024-04-01,3000
1834,82,269,3,2024-04-17,3000
1835,87,556,3,2024-04-06,3000
1836,29,148,4,2024-04-18,4000
1837,67,386,4,2024-04-02,4000
1838,64,711,2,2024-03-31,2000
1839,52,188,3,2024-04-19,3000
1840,2,26,4,2024-04-04,4000
1841,21,472,4,2024-04-05,4000
1842,32,390,1,2024-04-13,1000
1843,94,936,3,2024-04-08,3000
1844,61,669,4,2024-04-14,4000
1845,84,818,4,2024-04-15,4000
1846,18,552,1,2024-03-27,1000
1847,13,36,4,2024-04-19,4000
1848,68,819,3,2024-04-05,3000
1849,35,923,3,2024-04-11,3000
1850,21,700,1,2024-04-24,1000
1851,68,851,2,2024-04-13,2000
1852,26,531,1,2024-04-01,1000
1853,89,930,1,2024-04-15,1000
1854,21,138,4,2024-04-10,4000
1855,43,337,4,2024-04-19,4000
1856,7,525,4,2024-04-18,4000
1857,78,994,4,2024-04-16,4000
1858,70,114,2,2024-03-31,2000
1859,84,965,4,2024-04-02,4000
1860,67,656,2,2024-04-08,2000
1861,96,819,4,2024-04-07,4000
1862,87,239,2,2024-04-11,2000
1863,86,422,3,2024-04-08,3000
1864,24,164,3,2024-03-30,3000
1865,84,884,2,2024-04-21,2000
1866,87,73,2,2024-04-19,2000
1867,64,913,1,2024-04-09,1000
1868,81,29,2,2024-04-25,2000
1869,67,345,4,2024-04-08,4000
1870,13,433,4,2024-03-29,4000
1871,76,900,2,2024-04-14,2000
1872,40,881,1,2024-04-23,1000
1873,81,72,2,2024-04-24,2000
1874,78,780,1,2024-04-14,1000
1875,62,60,4,2024-04-19,4000
1876,95,751,2,2024-04-10,2000
1877,80,26,2,2024-04-10,2000
1878,99,315,3,2024-04-06,3000
1879,11,975,1,2024-04-02,1000
1880,63,909,3,2024-03-27,3000
1881,17,559,4,2024-04-18,4000
1882,12,852,2,2024-04-21,2000
1883,76,370,3,2024-04-09,3000
1884,86,33,4,2024-03-27,4000
1885,8,783,1,2024-04-11,1000
1886,81,406,2,2024-04-24,2000
1887,94,539,4,2024-04-14,4000
1888,62,619,4,2024-03-29,4000
1889,78,781,4,2024-04-20,4000
1890,69,445,4,2024-03-28,4000
1891,97,870,4,2024-04-13,4000
1892,89,569,1,2024-04-24,1000
1893,86,422,1,2024-04-20,1000
1894,77,34,1,2024-04-16,1000
1895,18,591,3,2024-03-28,3000
1896,68,361,3,2024-04-07,3000
1897,70,140,2,2024-04-21,2000
1898,90,741,3,2024-04-06,3000
1899,42,807,4,2024-04-07,4000
1900,22,751,3,2024-03-31,3000
1901,31,302,1,2024-04-02,1000
1902,26,624,4,2024-03-27,4000
1903,98,680,3,2024-03-28,3000
1904,42,781,4,2024-04-17,4000
1905,29,824,4,2024-04-13,4000
1906,7,155,3,2024-04-02,3000
1907,79,287,1,2024-04-01,1000
1908,44,374,2,2024-04-08,2000
1909,88,758,1,2024-04-04,1000
1910,88,738,4,2024-03-30,4000
1911,36,42,3,2024-04-15,3000
1912,24,186,3,2024-04-16,3000
1913,18,837,1,2024-04-22,1000
1914,10,737,4,2024-04-22,4000
1915,62,783,3,2024-04-19,3000
1916,12,289,2,2024-04-25,2000
1917,95,245,3,2024-03-31,3000
1918,35,343,3,2024-04-21,3000
1919,24,404,2,2024-04-15,2000
1920,16,457,2,2024-04-03,2000
1921,59,539,1,2024-04-14,1000
1922,3,697,2,2024-04-21,2000
1923,40,262,1,2024-04-14,1000
1924,20,673,1,2024-04-19,1000
1925,82,923,4,2024-04-10,4000
1926,7,107,4,2024-04-16,4000
1927,34,561,4,2024-04-10,4000
1928,33,214,1,2024-04-05,1000
1929,28,145,4,2024-04-25,4000
1930,11,414,3,2024-04-06,3000
1931,26,847,3,2024-04-13,3000
1932,31,333,2,2024-04-16,2000
1933,61,547,2,2024-04-25,2000
1934,62,949,4,2024-04-17,4000
1935,85,976,4,2024-04-05,4000
1936,91,464,4,2024-03-28,4000
1937,4,615,2,2024-04-13,2000
1938,18,347,1,2024-04-08,1000
1939,52,322,3,2024-04-15,3000
1940,97,892,4,2024-03-29,4000
1941,90,412,4,2024-04-07,4000
1942,14,522,2,2024-03-28,2000
1943,22,103,3,2024-03-30,3000
1944,17,144,1,2024-04-23,1000
1945,62,988,2,2024-04-20,2000
1946,79,682,4,2024-03-31,4000
1947,79,645,1,2024-04-01,1000
1948,8,167,3,2024-04-19,3000
1949,3,384,2,2024-04-20,2000
1950,16,433,4,2024-04-02,4000
1951,54,743,2,2024-03-30,2000
1952,78,722,3,2024-04-19,3000
1953,97,386,3,2024-04-25,3000
1954,71,618,3,2024-04-19,3000
1955,48,805,1,2024-04-05,1000
1956,17,174,4,2024-04-09,4000
1957,86,290,2,2024-04-16,2000
1958,47,885,4,2024-04-14,4000
1959,78,390,4,2024-03-28,4000
1960,77,739,2,2024-04-04,2000
1961,8,32,3,2024-04-25,3000
1962,19,568,2,2024-03-30,2000
1963,85,634,3,2024-04-06,3000
1964,65,753,4,2024-03-30,4000
1965,70,519,1,2024-04-06,1000
1966,18,742,3,2024-04-08,3000
1967,80,349,4,2024-04-21,4000
1968,94,494,3,2024-03-28,3000
1969,31,649,1,2024-04-02,1000
1970,7,655,4,2024-04-14,4000
1971,3,361,3,2024-04-01,3000
1972,50,771,3,2024-04-14,3000
1973,23,28,2,2024-04-14,2000
1974,79,652,1,2024-04-03,1000
1975,88,602,2,2024-03-29,2000
1976,16,973,3,2024-03-27,3000
1977,76,512,2,2024-04-01,2000
1978,36,182,1,2024-04-18,1000
1979,17,592,3,2024-04-20,3000
1980,46,926,1,2024-03-29,1000
1981,24,410,1,2024-04-12,1000
1982,66,798,1,2024-03-29,1000
1983,36,86,1,2024-04-14,1000
1984,23,306,3,2024-04-04,3000
1985,46,819,4,2024-04-17,4000
1986,5,140,4,2024-04-09,4000
1987,14,879,4,2024-04-03,4000
1988,37,958,4,2024-04-22,4000
1989,67,171,1,2024-04-14,1000
1990,84,480,2,2024-04-22,2000
1991,85,558,1,2024-04-07,1000
1992,74,572,3,2024-04-13,3000
1993,80,109,2,2024-04-08,2000
1994,75,983,1,2024-04-07,1000
1995,19,869,1,2024-04-24,1000
1996,46,793,4,2024-04-06,4000
1997,32,782,1,2024-03-31,1000
1998,54,701,4,2024-04-04,4000
1999,5,782,3,2024-04-12,3000
