ReservationID,GuestID,RoomNumber,CheckInDate,NumberOfNights,TotalCost
0,452,2,2024-04-14,4,863.04$
1,82,51,2024-04-03,1,455.23$
2,717,40,2024-04-25,4,650.18$
3,188,89,2024-04-04,3,763.4$
4,468,74,2024-04-17,4,278.08$
5,172,8,2024-04-13,2,236.83$
6,170,17,2024-04-16,6,409.53$
7,334,79,2024-04-24,6,159.19$
8,752,60,2024-04-04,5,315.48$
9,674,6,2024-04-13,1,412.55$
10,704,78,2024-04-13,6,341.57$
11,972,60,2024-04-26,1,716.56$
12,558,96,2024-04-24,7,791.7$
13,734,92,2024-04-25,6,567.38$
14,646,23,2024-04-12,7,116.41$
15,642,19,2024-04-20,3,179.85$
16,121,89,2024-04-27,4,784.95$
17,186,27,2024-04-17,5,807.67$
18,185,63,2024-04-10,4,556.69$
19,958,90,2024-04-23,4,417.41$
20,309,81,2024-03-31,1,888.2$
21,988,82,2024-04-22,3,466.47$
22,316,7,2024-04-02,1,824.54$
23,33,90,2024-04-07,7,967.47$
24,168,23,2024-04-17,3,819.83$
25,650,97,2024-04-01,5,955.51$
26,912,86,2024-04-13,6,854.38$
27,314,55,2024-04-22,7,490.75$
28,431,61,2024-04-21,3,833.08$
29,373,37,2024-04-22,4,164.54$
30,341,20,2024-04-22,7,924.56$
31,772,20,2024-04-19,2,699.26$
32,763,56,2024-04-16,7,947.6$
33,182,4,2024-04-24,5,682.3$
34,262,34,2024-04-20,6,994.09$
35,680,79,2024-04-07,1,561.18$
36,801,32,2024-03-31,3,613.63$
37,650,65,2024-04-26,1,376.04$
38,685,98,2024-03-31,1,636.23$
39,757,83,2024-04-23,6,565.34$
40,748,62,2024-04-23,3,251.48$
41,162,88,2024-04-18,3,389.03$
42,198,98,2024-04-11,1,298.58$
43,751,33,2024-04-15,1,818.7$
44,98,89,2024-04-14,2,271.24$
45,791,33,2024-04-28,1,456.31$
46,793,36,2024-04-18,2,512.93$
47,955,22,2024-04-17,1,941.36$
48,995,65,2024-04-14,3,354.08$
49,979,86,2024-04-25,6,316.82$
50,838,9,2024-04-28,7,613.38$
51,679,56,2024-04-02,1,626.36$
52,903,46,2024-04-23,4,958.03$
53,460,86,2024-04-10,6,666.46$
54,10,21,2024-04-24,6,255.95$
55,644,68,2024-04-07,2,725.78$
56,620,90,2024-04-21,3,916.62$
57,434,40,2024-04-11,5,330.38$
58,784,33,2024-04-14,1,316.09$
59,775,95,2024-04-06,3,885.5$
60,956,95,2024-04-11,1,662.06$
61,688,67,2024-04-28,2,864.54$
62,302,64,2024-04-06,5,144.59$
63,51,56,2024-04-21,6,262.86$
64,980,67,2024-04-04,2,982.45$
65,174,55,2024-04-05,2,774.71$
66,838,60,2024-04-12,3,340.05$
67,622,14,2024-04-01,2,491.07$
68,996,19,2024-04-05,5,455.08$
69,565,70,2024-04-04,6,992.95$
70,783,90,2024-04-26,7,531.84$
71,840,27,2024-04-12,6,260.65$
72,321,8,2024-04-22,1,909.05$
73,455,13,2024-04-17,1,329.26$
74,231,66,2024-04-07,2,261.82$
75,965,97,2024-04-08,7,614.74$
76,490,8,2024-04-22,2,250.34$
77,617,12,2024-04-19,1,770.15$
78,911,18,2024-04-02,7,868.43$
79,53,62,2024-04-03,7,322.35$
80,428,46,2024-04-23,1,645.81$
81,965,7,2024-04-05,6,432.96$
82,908,9,2024-04-21,4,939.11$
83,577,27,2024-04-14,1,764.33$
84,931,41,2024-04-02,1,927.24$
85,566,3,2024-04-08,6,561.83$
86,221,34,2024-04-22,4,456.34$
87,911,10,2024-04-01,5,247.21$
88,315,63,2024-04-08,4,715.47$
89,371,49,2024-04-12,5,436.44$
90,129,46,2024-04-10,6,380.76$
91,133,61,2024-04-15,2,436.45$
92,316,69,2024-04-12,3,783.2$
93,792,98,2024-04-25,4,526.05$
94,747,30,2024-04-16,1,881.39$
95,399,44,2024-04-01,7,736.95$
96,65,68,2024-04-22,2,894.8$
97,928,81,2024-04-15,4,727.4$
98,756,16,2024-04-05,5,576.98$
99,110,57,2024-04-19,5,424.94$
100,680,56,2024-04-09,3,330.26$
101,747,53,2024-04-13,7,684.18$
102,569,32,2024-04-28,3,208.75$
103,823,63,2024-04-14,3,130.73$
104,21,12,2024-04-28,7,688.36$
105,971,94,2024-04-13,7,647.87$
106,377,72,2024-04-01,3,467.96$
107,553,27,2024-04-07,1,661.48$
108,917,28,2024-04-06,5,794.76$
109,218,72,2024-04-27,3,262.76$
110,8,45,2024-04-07,3,250.51$
111,348,47,2024-04-05,4,739.79$
112,876,12,2024-04-13,3,284.49$
113,402,63,2024-04-23,2,527.48$
114,479,10,2024-04-15,5,334.63$
115,318,56,2024-04-26,7,479.06$
116,645,84,2024-04-10,6,511.09$
117,547,74,2024-04-10,7,640.39$
118,224,41,2024-04-28,7,140.95$
119,531,81,2024-04-11,5,854.29$
120,98,50,2024-04-28,4,817.84$
121,916,83,2024-04-17,6,907.62$
122,18,36,2024-04-12,6,428.68$
123,303,3,2024-04-06,3,148.51$
124,629,24,2024-03-31,3,889.32$
125,818,33,2024-03-31,3,423.18$
126,29,6,2024-04-08,1,399.72$
127,930,12,2024-04-26,4,697.93$
128,471,76,2024-04-27,2,813.6$
129,518,27,2024-04-20,4,337.19$
130,945,24,2024-04-16,6,445.56$
131,139,34,2024-04-17,6,575.8$
132,312,45,2024-04-06,3,535.43$
133,997,40,2024-04-18,2,119.24$
134,734,92,2024-04-16,4,632.39$
135,569,57,2024-04-17,3,672.64$
136,334,24,2024-04-27,1,429.01$
137,106,19,2024-04-07,7,616.46$
138,682,35,2024-04-12,3,394.69$
139,599,77,2024-04-11,2,822.6$
140,886,92,2024-04-02,2,253.53$
141,240,68,2024-04-08,5,760.16$
142,374,29,2024-03-30,1,595.05$
143,506,25,2024-04-17,1,745.78$
144,790,61,2024-04-27,5,748.83$
145,924,65,2024-04-02,6,416.41$
146,649,66,2024-04-11,4,919.04$
147,280,22,2024-04-19,1,667.77$
148,463,92,2024-04-08,1,868.62$
149,549,45,2024-03-30,1,736.0$
150,373,51,2024-04-08,2,359.86$
151,136,30,2024-04-07,6,269.44$
152,518,88,2024-04-26,3,898.15$
153,430,33,2024-04-11,3,714.37$
154,615,22,2024-03-30,1,231.24$
155,723,84,2024-04-16,4,143.24$
156,252,9,2024-04-09,3,831.23$
157,428,80,2024-04-11,2,511.41$
158,601,40,2024-04-10,2,708.12$
159,929,7,2024-04-28,1,496.19$
160,880,28,2024-04-20,6,249.55$
161,459,70,2024-04-19,5,806.14$
162,685,99,2024-04-01,5,618.6$
163,643,96,2024-04-05,3,294.85$
164,562,56,2024-03-31,7,987.65$
165,916,77,2024-03-30,2,446.87$
166,840,23,2024-04-21,1,719.45$
167,230,68,2024-04-11,3,682.25$
168,591,48,2024-04-03,1,155.74$
169,809,93,2024-04-13,6,997.57$
170,925,69,2024-04-18,5,975.25$
171,406,39,2024-04-09,3,611.39$
172,221,54,2024-04-04,5,741.88$
173,499,45,2024-04-20,4,552.88$
174,727,57,2024-04-26,3,417.06$
175,74,48,2024-04-01,1,519.1$
176,87,3,2024-04-24,5,148.31$
177,508,88,2024-04-12,1,813.11$
178,639,47,2024-04-03,6,366.63$
179,429,67,2024-04-02,3,671.13$
180,305,63,2024-04-25,4,396.6$
181,980,31,2024-04-01,7,470.91$
182,185,42,2024-04-08,2,865.41$
183,871,43,2024-04-08,1,265.77$
184,301,65,2024-04-18,4,191.17$
185,115,36,2024-04-12,1,698.67$
186,656,11,2024-04-22,3,284.86$
187,544,41,2024-04-22,4,788.21$
188,597,31,2024-04-12,1,194.3$
189,360,8,2024-03-30,2,475.1$
190,915,64,2024-04-20,1,107.15$
191,174,42,2024-04-02,6,993.6$
192,999,43,2024-04-03,7,194.61$
193,472,35,2024-04-04,1,714.33$
194,852,14,2024-04-17,2,252.62$
195,328,86,2024-04-07,3,701.22$
196,64,24,2024-03-30,7,997.06$
197,999,42,2024-04-17,6,249.25$
198,636,5,2024-04-02,2,687.81$
199,751,14,2024-03-31,4,456.38$
200,534,13,2024-04-18,5,677.42$
201,783,82,2024-04-23,7,554.61$
202,894,89,2024-04-15,1,847.21$
203,345,73,2024-04-27,2,479.85$
204,983,2,2024-04-10,7,268.87$
205,125,46,2024-04-16,2,548.48$
206,473,42,2024-04-24,6,934.91$
207,239,94,2024-03-30,7,742.01$
208,928,89,2024-04-06,2,507.92$
209,772,91,2024-04-12,1,125.72$
210,53,89,2024-04-11,3,294.38$
211,288,77,2024-04-23,2,870.69$
212,413,87,2024-04-03,1,560.7$
213,67,36,2024-04-25,4,656.2$
214,625,25,2024-04-18,7,233.07$
215,472,8,2024-04-19,1,682.07$
216,845,11,2024-04-08,3,845.44$
217,173,67,2024-04-03,3,910.42$
218,533,98,2024-04-20,1,416.62$
219,703,34,2024-03-30,2,403.7$
220,45,68,2024-04-04,7,272.1$
221,115,83,2024-04-01,2,497.73$
222,180,26,2024-04-15,6,807.37$
223,694,5,2024-04-06,7,387.7$
224,806,22,2024-04-08,4,946.7$
225,606,72,2024-04-01,7,699.52$
226,546,58,2024-04-11,6,904.74$
227,435,73,2024-04-24,5,123.02$
228,914,91,2024-04-16,5,474.17$
229,199,32,2024-04-25,7,131.99$
230,452,71,2024-04-13,5,783.24$
231,163,59,2024-04-25,4,217.57$
232,136,34,2024-04-28,7,345.75$
233,285,95,2024-03-30,1,121.94$
234,203,27,2024-04-13,2,271.37$
235,530,47,2024-04-23,5,326.09$
236,541,87,2024-04-19,2,312.06$
237,340,17,2024-04-03,4,149.77$
238,327,16,2024-04-24,3,211.29$
239,964,77,2024-04-01,7,413.76$
240,798,92,2024-04-12,7,147.79$
241,321,54,2024-04-04,6,842.08$
242,404,4,2024-04-23,3,776.94$
243,838,9,2024-04-10,4,614.68$
244,542,13,2024-03-31,1,241.11$
245,595,95,2024-04-08,6,770.57$
246,158,84,2024-04-19,6,582.56$
247,626,88,2024-04-19,1,255.61$
248,439,37,2024-04-10,1,556.38$
249,721,40,2024-04-25,7,529.4$
250,739,72,2024-04-10,1,259.57$
251,701,41,2024-04-11,4,604.41$
252,241,16,2024-04-24,3,300.78$
253,570,30,2024-04-17,6,811.87$
254,695,58,2024-04-27,4,644.6$
255,337,93,2024-04-15,2,160.32$
256,981,47,2024-04-23,6,188.84$
257,728,77,2024-04-08,1,131.63$
258,689,31,2024-04-11,3,753.63$
259,489,56,2024-04-23,7,198.86$
260,132,34,2024-04-05,2,289.73$
261,45,53,2024-04-07,1,900.85$
262,247,66,2024-03-31,7,792.82$
263,418,78,2024-03-31,4,541.04$
264,860,13,2024-04-04,6,302.05$
265,348,70,2024-03-30,3,289.32$
266,155,67,2024-04-25,2,121.78$
267,555,54,2024-04-28,3,307.89$
268,423,36,2024-04-20,2,147.62$
269,775,55,2024-04-03,6,405.23$
270,745,83,2024-04-24,3,150.44$
271,337,79,2024-03-31,6,937.22$
272,950,29,2024-04-06,7,734.77$
273,270,1,2024-04-15,6,725.95$
274,96,42,2024-04-12,3,708.15$
275,344,16,2024-04-06,4,764.76$
276,799,61,2024-04-21,4,207.21$
277,145,96,2024-04-03,6,997.57$
278,987,43,2024-04-08,4,571.75$
279,591,38,2024-04-18,3,944.1$
280,893,39,2024-04-14,5,692.73$
281,928,65,2024-04-18,3,655.37$
282,730,68,2024-04-27,7,542.06$
283,691,35,2024-04-23,2,248.61$
284,169,53,2024-04-22,1,185.77$
285,615,21,2024-04-02,4,627.92$
286,986,82,2024-04-13,3,573.83$
287,656,10,2024-04-24,7,792.97$
288,884,37,2024-04-16,4,904.17$
289,436,26,2024-04-20,5,317.89$
290,702,40,2024-04-18,5,922.21$
291,973,98,2024-04-07,6,741.95$
292,579,90,2024-04-24,1,894.02$
293,792,88,2024-04-12,4,596.97$
294,868,88,2024-04-18,7,590.23$
295,38,19,2024-04-10,2,229.16$
296,164,78,2024-04-10,3,218.01$
297,365,14,2024-04-27,7,104.66$
298,181,7,2024-04-26,2,319.36$
299,257,30,2024-04-09,7,351.66$
300,739,98,2024-04-26,3,940.29$
301,530,37,2024-04-16,2,457.89$
302,334,16,2024-04-28,3,753.27$
303,617,68,2024-03-30,2,600.82$
304,375,2,2024-04-02,6,261.67$
305,110,91,2024-04-11,3,734.07$
306,849,13,2024-04-07,2,492.18$
307,408,29,2024-04-01,7,961.62$
308,246,63,2024-04-20,7,648.71$
309,961,79,2024-04-15,5,707.72$
310,74,90,2024-04-21,7,820.41$
311,64,23,2024-04-16,6,924.86$
312,668,48,2024-04-10,4,440.66$
313,641,45,2024-04-27,4,205.9$
314,143,43,2024-04-18,4,381.31$
315,490,77,2024-04-05,1,831.74$
316,407,4,2024-04-01,7,516.2$
317,334,37,2024-04-20,6,523.64$
318,241,25,2024-04-19,1,220.54$
319,53,10,2024-04-12,6,796.83$
320,883,62,2024-04-04,3,753.7$
321,15,38,2024-04-22,3,847.01$
322,596,24,2024-04-06,3,213.2$
323,668,76,2024-04-17,4,140.84$
324,292,82,2024-04-12,3,711.8$
325,459,66,2024-04-21,4,494.69$
326,921,65,2024-04-10,5,826.6$
327,333,69,2024-04-28,5,231.21$
328,429,60,2024-04-06,1,233.39$
329,91,42,2024-04-23,3,691.7$
330,462,81,2024-04-21,2,813.31$
331,675,48,2024-04-04,1,854.69$
332,75,86,2024-03-30,4,994.79$
333,256,75,2024-04-15,7,892.17$
334,74,18,2024-04-17,1,608.23$
335,827,54,2024-04-26,7,675.02$
336,154,92,2024-04-24,5,769.27$
337,335,5,2024-04-20,1,632.16$
338,437,71,2024-03-30,2,282.68$
339,770,9,2024-04-11,1,662.85$
340,408,37,2024-04-06,6,361.21$
341,625,66,2024-04-04,1,498.17$
342,283,31,2024-04-21,4,557.96$
343,48,59,2024-04-23,6,646.35$
344,811,12,2024-04-02,6,208.99$
345,906,9,2024-04-06,5,916.66$
346,315,80,2024-04-20,5,309.66$
347,229,64,2024-04-04,6,394.46$
348,966,18,2024-04-19,1,857.02$
349,214,56,2024-04-19,7,649.75$
350,123,98,2024-04-24,6,404.78$
351,697,45,2024-04-24,1,260.55$
352,4,53,2024-04-16,2,322.9$
353,460,61,2024-04-21,2,760.14$
354,60,27,2024-04-09,6,189.29$
355,931,60,2024-04-24,5,338.74$
356,865,40,2024-04-17,7,732.68$
357,209,99,2024-04-15,3,869.21$
358,60,99,2024-03-31,6,470.85$
359,614,82,2024-04-17,1,692.29$
360,371,44,2024-04-13,2,486.38$
361,314,16,2024-04-18,6,406.12$
362,204,36,2024-04-21,4,562.38$
363,894,29,2024-04-03,6,328.8$
364,436,98,2024-04-01,4,485.02$
365,411,69,2024-04-07,7,447.13$
366,703,42,2024-04-20,4,625.17$
367,222,60,2024-04-06,3,106.65$
368,599,90,2024-04-08,3,530.04$
369,383,46,2024-04-01,6,410.12$
370,105,33,2024-04-03,5,878.69$
371,657,86,2024-03-31,3,211.4$
372,120,82,2024-04-15,7,505.91$
373,362,81,2024-04-22,5,451.0$
374,424,69,2024-04-21,4,621.8$
375,27,79,2024-04-24,7,332.57$
376,930,62,2024-04-23,7,768.58$
377,952,51,2024-04-03,4,195.62$
378,674,34,2024-04-19,3,797.06$
379,752,31,2024-04-22,6,364.8$
380,220,70,2024-04-06,4,828.85$
381,11,45,2024-04-16,3,851.56$
382,894,54,2024-04-21,7,497.89$
383,479,47,2024-04-03,7,811.44$
384,626,29,2024-03-31,3,776.12$
385,375,77,2024-03-31,5,840.88$
386,815,8,2024-04-02,7,144.52$
387,368,60,2024-04-05,7,141.52$
388,539,19,2024-04-13,3,641.68$
389,300,50,2024-04-19,2,582.62$
390,267,16,2024-04-08,3,330.88$
391,914,56,2024-04-12,4,617.27$
392,595,60,2024-04-26,7,888.53$
393,311,5,2024-04-09,7,364.0$
394,6,40,2024-04-23,3,486.01$
395,229,94,2024-04-05,4,977.95$
396,134,7,2024-04-26,6,777.75$
397,674,59,2024-04-17,4,490.97$
398,222,67,2024-04-15,1,972.15$
399,867,10,2024-04-03,3,161.7$
400,362,82,2024-04-02,2,674.45$
401,397,95,2024-04-13,6,166.94$
402,449,72,2024-04-04,1,745.43$
403,938,32,2024-04-16,5,935.55$
404,106,95,2024-04-12,5,464.91$
405,638,25,2024-04-14,6,513.1$
406,819,71,2024-04-15,7,728.65$
407,156,56,2024-04-17,7,830.9$
408,930,68,2024-04-21,2,567.52$
409,626,15,2024-04-05,3,943.65$
410,349,68,2024-04-20,6,549.65$
411,998,45,2024-04-20,2,627.79$
412,230,22,2024-03-31,7,701.0$
413,426,21,2024-04-10,4,306.49$
414,595,89,2024-04-11,2,374.71$
415,180,21,2024-04-17,4,504.31$
416,409,7,2024-04-11,3,303.2$
417,437,68,2024-04-01,6,289.5$
418,88,33,2024-04-04,7,630.07$
419,376,54,2024-04-02,2,431.04$
420,693,67,2024-04-13,4,129.01$
421,728,44,2024-04-07,6,472.12$
422,389,71,2024-04-13,4,956.98$
423,760,30,2024-04-26,3,891.48$
424,361,97,2024-04-09,7,337.85$
425,752,65,2024-04-04,4,616.38$
426,937,15,2024-04-26,3,438.04$
427,507,52,2024-04-18,6,630.93$
428,130,67,2024-04-16,6,125.48$
429,170,93,2024-04-15,7,733.0$
430,109,90,2024-04-26,4,856.09$
431,104,79,2024-04-13,2,786.79$
432,743,28,2024-04-10,2,880.33$
433,762,36,2024-04-16,3,556.47$
434,630,56,2024-04-12,5,975.81$
435,596,51,2024-04-26,1,986.01$
436,218,49,2024-04-19,2,279.94$
437,10,78,2024-04-16,1,990.39$
438,537,16,2024-04-24,4,806.87$
439,832,70,2024-04-17,4,418.63$
440,338,21,2024-04-11,1,795.53$
441,812,24,2024-04-27,7,731.48$
442,484,47,2024-04-22,5,827.96$
443,286,31,2024-03-30,4,638.44$
444,476,6,2024-04-06,1,456.29$
445,162,89,2024-04-03,6,976.85$
446,403,41,2024-04-05,5,708.43$
447,993,67,2024-04-19,4,556.39$
448,46,50,2024-04-12,3,239.7$
449,167,79,2024-04-01,3,116.85$
450,696,72,2024-04-19,5,408.53$
451,259,60,2024-04-02,3,517.26$
452,59,85,2024-04-15,1,543.77$
453,364,60,2024-04-08,6,611.99$
454,609,92,2024-04-17,6,223.66$
455,579,67,2024-04-12,1,257.94$
456,40,5,2024-04-11,1,856.89$
457,933,79,2024-04-01,7,222.73$
458,235,70,2024-04-17,1,695.26$
459,758,69,2024-04-24,6,209.03$
460,19,47,2024-04-04,3,295.02$
461,656,51,2024-04-05,2,982.11$
462,755,68,2024-04-07,5,126.34$
463,766,24,2024-04-20,6,529.6$
464,473,3,2024-04-07,5,413.12$
465,678,33,2024-04-05,6,583.41$
466,707,4,2024-04-24,1,828.08$
467,190,72,2024-04-19,4,855.86$
468,320,30,2024-04-13,5,619.46$
469,50,51,2024-04-14,5,613.37$
470,186,29,2024-04-17,6,478.2$
471,593,40,2024-04-12,1,411.01$
472,628,88,2024-04-11,1,896.26$
473,124,8,2024-04-09,2,212.38$
474,394,86,2024-03-30,7,347.26$
475,293,42,2024-04-26,3,365.3$
476,315,98,2024-04-16,1,765.67$
477,463,82,2024-04-07,7,173.22$
478,663,48,2024-04-23,1,159.47$
479,298,11,2024-04-12,5,168.57$
480,117,73,2024-04-06,1,239.86$
481,844,6,2024-03-30,7,342.93$
482,650,93,2024-04-05,7,360.89$
483,969,74,2024-04-28,3,749.6$
484,503,45,2024-04-16,5,817.63$
485,811,17,2024-04-13,2,960.36$
486,930,58,2024-04-14,2,985.0$
487,784,62,2024-04-09,6,406.75$
488,654,70,2024-04-08,1,594.74$
489,923,38,2024-04-14,6,466.24$
490,866,5,2024-04-05,7,909.27$
491,256,77,2024-04-24,2,246.32$
492,761,87,2024-04-23,1,126.68$
493,343,41,2024-04-28,3,620.55$
494,728,69,2024-04-25,2,746.51$
495,517,17,2024-04-18,7,866.45$
496,84,89,2024-04-01,1,888.79$
497,378,47,2024-04-15,2,235.11$
498,492,2,2024-03-31,5,465.72$
499,513,49,2024-04-10,2,160.42$
500,870,11,2024-04-08,7,241.27$
501,67,42,2024-04-13,2,681.57$
502,252,5,2024-04-09,2,433.34$
503,271,66,2024-04-16,2,680.43$
504,851,96,2024-04-14,7,242.83$
505,738,23,2024-04-15,6,627.5$
506,437,5,2024-04-25,2,462.92$
507,100,33,2024-04-11,5,504.63$
508,314,94,2024-03-30,1,639.61$
509,284,17,2024-04-16,2,211.58$
510,328,84,2024-04-24,5,218.57$
511,327,92,2024-04-26,2,128.3$
512,202,78,2024-04-24,2,280.39$
513,668,83,2024-03-30,1,703.24$
514,710,1,2024-04-21,4,338.14$
515,995,96,2024-04-22,7,402.6$
516,451,39,2024-04-24,7,471.49$
517,512,22,2024-04-13,4,813.39$
518,818,21,2024-04-03,1,727.83$
519,260,41,2024-04-02,5,902.76$
520,931,56,2024-04-13,6,253.0$
521,85,23,2024-04-24,3,359.13$
522,106,6,2024-04-16,6,157.56$
523,74,95,2024-04-26,3,785.63$
524,594,5,2024-04-28,2,855.33$
525,568,88,2024-04-18,7,164.14$
526,14,33,2024-04-21,7,139.5$
527,998,24,2024-04-27,2,107.77$
528,763,96,2024-04-10,7,332.07$
529,841,17,2024-04-06,4,683.33$
530,91,59,2024-04-04,1,800.8$
531,738,78,2024-04-25,1,107.95$
532,836,94,2024-04-26,1,150.31$
533,250,4,2024-04-14,4,328.36$
534,613,9,2024-04-11,4,408.13$
535,339,9,2024-04-16,5,860.61$
536,8,79,2024-04-16,1,297.09$
537,991,48,2024-04-07,2,741.9$
538,100,24,2024-03-30,4,525.05$
539,196,87,2024-04-02,4,560.98$
540,414,68,2024-04-26,6,440.28$
541,98,33,2024-04-12,5,862.26$
542,962,89,2024-04-14,7,810.66$
543,648,26,2024-04-28,6,936.43$
544,869,50,2024-04-10,4,388.04$
545,255,56,2024-04-21,6,234.31$
546,245,98,2024-04-09,2,966.82$
547,364,41,2024-04-24,2,583.05$
548,152,82,2024-04-19,7,394.16$
549,725,6,2024-04-22,3,382.47$
550,338,52,2024-04-15,5,803.68$
551,589,68,2024-04-03,6,224.28$
552,325,77,2024-04-05,3,501.18$
553,960,38,2024-04-26,6,808.21$
554,905,80,2024-04-10,4,444.59$
555,374,59,2024-04-03,1,701.22$
556,65,76,2024-04-27,2,921.31$
557,835,92,2024-04-05,6,940.73$
558,131,97,2024-04-21,3,224.65$
559,157,56,2024-04-19,1,787.71$
560,899,12,2024-04-02,7,938.58$
561,761,52,2024-04-23,3,761.08$
562,983,12,2024-04-03,1,430.69$
563,912,93,2024-04-24,7,406.74$
564,576,31,2024-04-25,7,709.41$
565,341,68,2024-04-12,2,527.87$
566,828,15,2024-04-16,6,961.66$
567,386,61,2024-04-17,1,202.27$
568,415,43,2024-04-01,4,572.95$
569,202,90,2024-04-21,6,673.19$
570,295,54,2024-04-25,1,987.16$
571,519,59,2024-03-30,4,781.96$
572,598,83,2024-04-04,5,209.86$
573,5,40,2024-04-02,7,110.46$
574,615,92,2024-04-12,6,506.59$
575,774,59,2024-04-16,1,165.41$
576,948,64,2024-04-19,7,934.93$
577,456,40,2024-04-17,5,367.92$
578,571,56,2024-04-15,1,895.03$
579,535,80,2024-04-15,5,293.02$
580,854,67,2024-04-16,2,270.55$
581,938,42,2024-04-04,1,967.79$
582,109,87,2024-03-30,6,412.95$
583,808,61,2024-04-28,6,908.65$
584,963,36,2024-04-02,2,987.91$
585,304,17,2024-04-22,1,645.31$
586,926,72,2024-04-10,7,641.73$
587,660,55,2024-04-07,4,225.11$
588,899,89,2024-04-17,3,524.02$
589,181,61,2024-04-22,2,479.47$
590,149,53,2024-04-02,5,183.43$
591,99,14,2024-04-21,3,367.33$
592,173,57,2024-04-20,6,582.52$
593,4,23,2024-04-28,6,826.06$
594,186,27,2024-04-21,3,692.6$
595,936,45,2024-04-15,4,654.76$
596,670,33,2024-04-26,1,159.34$
597,450,58,2024-04-22,4,528.39$
598,119,37,2024-04-08,7,342.58$
599,354,95,2024-04-23,4,358.92$
600,588,82,2024-04-12,5,350.23$
601,567,48,2024-04-06,3,461.59$
602,417,39,2024-04-14,3,181.05$
603,291,27,2024-04-27,4,329.86$
604,786,67,2024-04-21,4,961.04$
605,733,34,2024-04-25,6,713.12$
606,842,24,2024-04-07,2,389.6$
607,895,77,2024-04-20,6,294.09$
608,869,76,2024-04-23,7,576.6$
609,648,14,2024-03-31,5,329.1$
610,135,92,2024-04-17,1,976.39$
611,337,91,2024-04-16,2,873.12$
612,213,85,2024-04-21,3,711.3$
613,236,65,2024-04-22,1,209.43$
614,502,25,2024-04-13,1,279.92$
615,42,19,2024-04-19,4,916.79$
616,249,37,2024-04-08,2,182.06$
617,824,75,2024-04-23,6,758.32$
618,45,12,2024-04-22,7,248.45$
619,198,9,2024-04-26,3,498.27$
620,565,30,2024-04-17,5,113.95$
621,713,31,2024-04-21,7,676.59$
622,505,45,2024-04-19,6,574.39$
623,633,56,2024-04-19,5,844.98$
624,896,78,2024-04-17,6,318.43$
625,120,59,2024-04-24,6,920.88$
626,135,10,2024-04-13,6,947.16$
627,971,78,2024-04-16,6,381.14$
628,333,8,2024-04-07,7,957.0$
629,90,89,2024-04-25,6,634.13$
630,390,99,2024-04-14,5,634.28$
631,205,39,2024-04-02,3,997.58$
632,502,10,2024-04-07,4,436.81$
633,821,28,2024-04-23,2,527.91$
634,726,78,2024-04-05,4,249.67$
635,908,17,2024-03-31,2,479.59$
636,833,83,2024-04-02,4,166.86$
637,835,23,2024-04-26,3,604.71$
638,480,79,2024-04-28,4,819.63$
639,126,6,2024-04-21,1,457.45$
640,936,79,2024-04-17,5,113.21$
641,719,87,2024-04-20,5,268.86$
642,809,3,2024-04-12,4,165.69$
643,803,93,2024-04-17,3,682.62$
644,927,2,2024-03-30,4,372.47$
645,970,66,2024-04-06,6,516.53$
646,695,35,2024-04-08,6,403.75$
647,323,88,2024-04-13,4,689.47$
648,409,75,2024-04-16,1,266.69$
649,637,5,2024-04-17,1,608.63$
650,958,35,2024-04-26,2,441.96$
651,727,20,2024-04-24,4,201.0$
652,953,87,2024-04-07,5,778.65$
653,995,75,2024-04-06,7,988.06$
654,159,88,2024-04-23,4,425.27$
655,374,44,2024-04-02,6,517.63$
656,949,51,2024-04-20,2,847.91$
657,788,14,2024-04-05,5,428.42$
658,102,29,2024-04-15,7,947.94$
659,603,69,2024-04-17,7,532.72$
660,505,35,2024-04-06,4,261.34$
661,797,41,2024-03-31,3,824.0$
662,502,50,2024-04-08,1,386.22$
663,856,52,2024-04-26,7,903.74$
664,511,35,2024-04-19,2,282.86$
665,18,69,2024-04-02,2,302.25$
666,602,21,2024-03-31,5,138.43$
667,248,18,2024-04-11,3,808.27$
668,317,41,2024-04-20,1,639.59$
669,505,18,2024-04-20,2,691.94$
670,341,3,2024-04-06,5,962.37$
671,698,92,2024-04-06,1,768.58$
672,574,12,2024-04-08,7,102.72$
673,35,71,2024-04-16,5,829.16$
674,49,40,2024-04-26,4,654.01$
675,28,70,2024-04-05,3,550.47$
676,720,82,2024-04-15,1,740.1$
677,107,17,2024-04-17,4,924.55$
678,972,35,2024-04-26,7,587.52$
679,389,7,2024-04-23,3,116.36$
680,580,44,2024-04-07,3,735.39$
681,978,66,2024-04-18,4,285.88$
682,72,2,2024-04-21,5,920.11$
683,612,15,2024-04-28,7,515.2$
684,803,38,2024-04-10,3,194.16$
685,253,61,2024-04-24,1,862.78$
686,802,50,2024-04-11,7,837.79$
687,369,57,2024-04-21,2,349.81$
688,433,43,2024-04-03,6,736.53$
689,472,15,2024-04-24,2,151.78$
690,844,76,2024-04-20,2,595.52$
691,451,1,2024-04-03,3,118.15$
692,607,68,2024-04-07,2,543.36$
693,584,30,2024-04-20,2,451.13$
694,529,77,2024-04-02,3,484.75$
695,6,48,2024-04-05,7,911.95$
696,161,14,2024-04-28,7,282.29$
697,596,33,2024-04-03,3,651.5$
698,948,31,2024-04-16,2,930.54$
699,985,98,2024-04-25,6,999.35$
700,501,34,2024-04-14,6,665.88$
701,420,15,2024-04-18,5,370.88$
702,717,37,2024-04-01,3,126.85$
703,558,33,2024-04-27,1,248.39$
704,984,28,2024-04-16,5,436.94$
705,649,74,2024-04-03,5,499.56$
706,453,33,2024-04-13,4,654.58$
707,426,64,2024-04-18,2,541.74$
708,77,65,2024-04-14,6,616.45$
709,633,60,2024-04-05,7,710.55$
710,363,79,2024-04-20,6,383.27$
711,146,84,2024-04-11,7,827.75$
712,259,39,2024-04-17,1,599.83$
713,111,64,2024-03-30,4,603.14$
714,109,2,2024-03-31,6,659.26$
715,697,10,2024-04-09,2,919.86$
716,129,10,2024-04-16,4,831.54$
717,948,91,2024-04-19,4,351.07$
718,770,51,2024-04-10,1,675.02$
719,511,27,2024-03-30,2,786.33$
720,144,94,2024-04-08,5,564.89$
721,720,75,2024-04-11,6,952.89$
722,670,79,2024-04-27,2,469.77$
723,85,31,2024-04-24,4,766.82$
724,922,68,2024-04-24,4,719.17$
725,940,26,2024-04-28,3,331.02$
726,470,67,2024-04-03,3,245.63$
727,220,82,2024-04-06,3,560.82$
728,65,47,2024-04-01,2,559.03$
729,423,11,2024-04-08,2,259.17$
730,408,26,2024-04-23,5,656.18$
731,483,59,2024-04-08,3,138.62$
732,295,69,2024-04-19,6,895.91$
733,312,32,2024-03-31,4,760.17$
734,240,86,2024-03-31,6,902.59$
735,877,58,2024-04-23,2,556.6$
736,129,33,2024-04-03,2,495.74$
737,231,1,2024-04-18,7,306.03$
738,67,48,2024-04-09,6,491.49$
739,376,29,2024-04-23,1,468.42$
740,788,74,2024-04-18,4,586.23$
741,899,93,2024-04-07,4,244.61$
742,837,10,2024-04-25,4,373.56$
743,931,82,2024-04-09,1,671.23$
744,865,13,2024-04-19,7,850.64$
745,924,88,2024-04-01,6,378.89$
746,200,83,2024-04-22,7,619.67$
747,366,27,2024-03-31,3,546.04$
748,989,1,2024-04-09,6,185.95$
749,6,2,2024-04-12,3,137.68$
750,109,98,2024-04-13,7,132.2$
751,581,73,2024-04-15,4,547.17$
752,542,43,2024-04-19,6,822.91$
753,613,42,2024-04-08,1,257.3$
754,344,34,2024-04-09,4,922.32$
755,708,28,2024-04-06,7,354.16$
756,732,34,2024-04-12,4,195.7$
757,910,95,2024-04-22,5,747.91$
758,592,37,2024-04-22,5,876.72$
759,174,53,2024-04-24,2,361.88$
760,281,67,2024-04-22,5,414.48$
761,237,89,2024-04-25,3,489.23$
762,666,40,2024-04-06,6,674.82$
763,431,99,2024-03-30,5,193.96$
764,139,92,2024-04-06,3,686.08$
765,285,69,2024-04-05,5,912.58$
766,200,87,2024-04-05,3,361.06$
767,188,48,2024-04-19,7,412.0$
768,378,61,2024-04-14,7,941.75$
769,380,65,2024-04-10,2,222.88$
770,492,32,2024-04-10,5,329.88$
771,43,34,2024-04-21,5,275.77$
772,797,37,2024-04-17,6,385.18$
773,156,50,2024-04-05,4,996.63$
774,425,31,2024-04-23,4,698.26$
775,216,15,2024-04-14,6,771.91$
776,56,81,2024-04-02,7,254.25$
777,68,22,2024-04-18,6,529.07$
778,668,47,2024-04-17,6,777.65$
779,977,81,2024-04-17,2,678.76$
780,256,71,2024-04-21,1,805.55$
781,600,81,2024-04-22,4,685.17$
782,558,58,2024-04-19,1,233.31$
783,154,56,2024-04-24,5,916.06$
784,947,85,2024-03-30,1,818.34$
785,726,69,2024-04-24,4,379.12$
786,162,58,2024-04-22,6,155.58$
787,724,91,2024-03-30,5,942.48$
788,543,83,2024-04-09,6,344.64$
789,673,8,2024-04-25,4,634.46$
790,251,2,2024-04-24,1,278.84$
791,183,70,2024-04-04,7,942.71$
792,717,68,2024-04-24,3,300.41$
793,200,95,2024-04-14,3,250.68$
794,589,74,2024-04-17,6,210.46$
795,508,36,2024-04-11,2,416.14$
796,170,7,2024-04-10,6,761.33$
797,849,19,2024-04-17,3,770.91$
798,697,97,2024-04-08,5,609.09$
799,287,51,2024-04-20,1,704.02$
800,474,17,2024-04-25,3,309.0$
801,283,47,2024-04-04,3,852.53$
802,791,4,2024-04-21,1,836.86$
803,319,67,2024-04-02,2,972.48$
804,780,37,2024-03-31,4,103.92$
805,704,57,2024-04-24,7,311.15$
806,630,34,2024-04-11,6,619.55$
807,961,1,2024-04-22,2,937.11$
808,862,32,2024-04-09,6,471.66$
809,788,85,2024-04-12,4,808.27$
810,205,7,2024-04-06,2,318.26$
811,683,28,2024-04-02,1,774.47$
812,333,85,2024-04-09,3,201.69$
813,10,8,2024-04-01,4,126.52$
814,718,27,2024-04-01,4,330.41$
815,869,72,2024-04-23,5,599.22$
816,583,97,2024-04-13,5,573.6$
817,471,2,2024-03-31,1,897.96$
818,651,90,2024-04-26,7,100.82$
819,100,94,2024-04-08,2,148.32$
820,193,80,2024-04-11,1,451.5$
821,770,23,2024-04-08,2,945.41$
822,812,74,2024-04-28,1,448.29$
823,871,58,2024-04-07,6,179.4$
824,973,93,2024-03-30,5,618.79$
825,833,10,2024-04-18,4,230.6$
826,188,88,2024-04-26,7,545.19$
827,727,15,2024-04-28,3,905.77$
828,344,58,2024-04-19,4,187.04$
829,442,4,2024-04-06,3,422.18$
830,743,54,2024-04-20,5,346.83$
831,553,1,2024-04-11,6,650.14$
832,922,58,2024-04-05,1,574.73$
833,794,70,2024-04-26,6,453.13$
834,10,31,2024-03-30,6,594.79$
835,431,73,2024-04-01,1,385.19$
836,279,89,2024-03-31,3,235.86$
837,124,38,2024-04-06,1,191.46$
838,468,64,2024-04-23,5,725.37$
839,502,90,2024-04-10,6,587.69$
840,382,59,2024-04-16,2,898.78$
841,758,51,2024-04-02,3,252.75$
842,712,48,2024-04-26,5,521.17$
843,811,29,2024-04-26,7,241.19$
844,851,96,2024-04-18,4,848.16$
845,249,41,2024-04-22,7,296.09$
846,89,30,2024-04-28,6,852.28$
847,397,38,2024-04-15,7,810.03$
848,104,65,2024-04-25,3,237.84$
849,909,26,2024-04-10,4,868.32$
850,603,66,2024-04-03,6,831.2$
851,304,40,2024-04-07,5,145.48$
852,737,61,2024-04-09,4,921.62$
853,191,50,2024-04-06,3,943.28$
854,605,12,2024-04-07,1,622.28$
855,861,71,2024-04-01,6,851.25$
856,635,5,2024-04-07,1,527.04$
857,757,66,2024-04-06,1,114.77$
858,377,79,2024-04-22,5,335.35$
859,880,34,2024-04-28,5,526.68$
860,5,74,2024-04-23,1,429.79$
861,669,72,2024-04-18,5,578.33$
862,324,5,2024-04-17,5,666.77$
863,853,16,2024-04-02,3,981.73$
864,296,20,2024-04-12,6,376.49$
865,697,6,2024-04-22,7,548.07$
866,872,41,2024-04-19,6,410.49$
867,313,94,2024-04-28,6,232.68$
868,338,39,2024-04-19,1,702.51$
869,282,4,2024-04-27,1,116.88$
870,254,17,2024-04-06,5,521.09$
871,410,94,2024-04-22,7,437.72$
872,268,62,2024-04-04,1,761.51$
873,934,80,2024-04-06,4,564.62$
874,557,45,2024-04-20,1,608.82$
875,993,84,2024-04-28,4,238.48$
876,506,98,2024-04-13,3,213.37$
877,337,76,2024-04-23,3,985.0$
878,750,98,2024-04-15,1,314.9$
879,759,5,2024-04-22,4,684.15$
880,75,74,2024-04-14,5,369.93$
881,401,30,2024-04-27,3,824.31$
882,261,12,2024-04-09,7,596.4$
883,72,52,2024-04-12,6,715.83$
884,206,85,2024-04-06,7,652.79$
885,838,1,2024-04-21,4,180.72$
886,28,18,2024-04-07,4,955.08$
887,637,92,2024-04-09,1,520.6$
888,90,27,2024-04-04,2,549.62$
889,193,68,2024-04-13,3,574.03$
890,413,66,2024-04-17,5,870.21$
891,76,37,2024-04-18,4,691.48$
892,372,61,2024-04-19,6,428.66$
893,219,92,2024-04-16,2,659.86$
894,899,79,2024-04-19,3,380.72$
895,880,20,2024-04-24,4,587.45$
896,153,32,2024-04-22,6,212.73$
897,447,11,2024-04-21,5,680.54$
898,286,4,2024-04-27,2,547.3$
899,389,90,2024-04-08,2,560.02$
900,965,47,2024-04-24,6,469.19$
901,190,34,2024-04-22,3,653.09$
902,687,32,2024-04-16,7,169.33$
903,146,86,2024-04-07,2,940.71$
904,190,25,2024-04-04,3,695.7$
905,51,43,2024-04-06,7,846.61$
906,36,77,2024-04-14,6,746.68$
907,518,22,2024-04-19,3,637.53$
908,97,65,2024-04-22,2,475.26$
909,889,91,2024-04-04,2,412.17$
910,568,90,2024-04-04,4,645.48$
911,949,96,2024-04-08,3,678.11$
912,572,90,2024-04-22,6,473.6$
913,433,99,2024-04-21,3,558.81$
914,521,28,2024-04-09,7,209.12$
915,330,49,2024-04-06,2,192.44$
916,991,9,2024-04-23,2,558.33$
917,791,86,2024-04-07,1,108.54$
918,876,25,2024-04-21,5,343.99$
919,617,31,2024-04-17,7,325.52$
920,534,77,2024-03-31,7,100.49$
921,654,46,2024-04-27,3,845.96$
922,848,45,2024-04-09,5,986.31$
923,860,59,2024-04-06,5,893.44$
924,874,94,2024-04-05,4,542.49$
925,215,63,2024-04-04,2,403.25$
926,592,19,2024-04-13,6,497.32$
927,21,97,2024-04-28,1,672.03$
928,478,28,2024-04-22,6,242.61$
929,953,41,2024-04-04,4,851.15$
930,330,7,2024-04-20,7,996.35$
931,463,36,2024-03-30,4,855.52$
932,453,81,2024-04-08,5,586.45$
933,185,2,2024-04-09,6,356.53$
934,711,37,2024-04-22,1,614.75$
935,506,83,2024-04-26,6,808.7$
936,218,21,2024-03-30,1,508.33$
937,660,17,2024-04-02,3,898.41$
938,393,87,2024-04-23,7,395.48$
939,930,38,2024-04-14,6,716.19$
940,170,34,2024-04-22,4,545.52$
941,517,75,2024-04-22,4,535.54$
942,290,18,2024-04-27,3,750.41$
943,366,70,2024-04-21,5,189.92$
944,111,69,2024-04-23,4,635.13$
945,807,98,2024-04-03,1,723.95$
946,201,82,2024-04-26,2,803.84$
947,914,33,2024-04-21,4,602.38$
948,377,58,2024-04-10,3,224.45$
949,367,60,2024-04-02,4,397.74$
950,891,22,2024-04-22,4,392.27$
951,858,28,2024-04-13,6,554.15$
952,973,25,2024-04-08,5,105.11$
953,429,88,2024-04-10,3,184.23$
954,46,98,2024-04-03,2,794.36$
955,81,68,2024-04-01,5,761.26$
956,878,65,2024-04-27,2,499.11$
957,279,87,2024-04-20,2,706.01$
958,783,23,2024-03-30,7,686.29$
959,990,26,2024-04-15,3,280.48$
960,384,66,2024-04-07,7,901.07$
961,694,43,2024-04-19,4,545.18$
962,800,36,2024-04-11,2,580.67$
963,75,44,2024-04-15,6,710.05$
964,712,4,2024-04-21,3,546.25$
965,97,48,2024-04-25,6,857.22$
966,932,79,2024-04-21,7,837.84$
967,32,47,2024-04-26,5,188.06$
968,721,63,2024-04-09,4,369.34$
969,601,93,2024-04-04,7,700.2$
970,737,35,2024-04-26,3,154.7$
971,114,99,2024-04-22,5,230.02$
972,276,65,2024-04-07,6,755.87$
973,636,8,2024-04-09,6,630.72$
974,728,62,2024-04-02,7,396.63$
975,572,34,2024-04-01,3,865.03$
976,181,34,2024-04-26,4,325.62$
977,740,57,2024-04-26,2,783.53$
978,498,15,2024-04-26,6,872.73$
979,87,26,2024-04-19,5,936.5$
980,432,42,2024-04-09,1,923.25$
981,226,96,2024-04-24,4,911.34$
982,639,60,2024-04-05,4,440.92$
983,987,37,2024-04-25,2,858.11$
984,152,9,2024-04-03,1,116.39$
985,330,93,2024-04-18,6,958.81$
986,212,82,2024-04-02,7,202.78$
987,579,8,2024-04-17,7,242.81$
988,96,47,2024-04-15,6,318.49$
989,767,91,2024-04-06,6,286.92$
990,871,20,2024-04-23,4,589.78$
991,239,20,2024-04-18,1,465.59$
992,803,43,2024-04-11,6,810.01$
993,530,95,2024-04-11,7,219.51$
994,472,79,2024-04-13,6,333.99$
995,618,17,2024-04-26,5,394.36$
996,128,87,2024-04-17,2,474.54$
997,683,42,2024-03-31,1,545.1$
998,576,6,2024-04-25,1,895.14$
999,733,90,2024-04-13,4,417.55$
1000,777,38,2024-03-30,4,940.73$
1001,82,89,2024-03-31,1,308.46$
1002,47,38,2024-04-17,7,802.82$
1003,969,44,2024-04-09,5,652.13$
1004,146,3,2024-04-07,7,887.88$
1005,830,72,2024-04-02,1,867.37$
1006,58,31,2024-04-03,4,720.18$
1007,253,25,2024-04-13,2,648.22$
1008,195,67,2024-04-27,7,965.36$
1009,713,63,2024-03-30,3,341.26$
1010,943,42,2024-04-28,6,103.71$
1011,828,30,2024-03-31,3,153.97$
1012,263,95,2024-04-15,5,832.13$
1013,691,90,2024-04-26,1,703.34$
1014,745,73,2024-04-12,5,163.9$
1015,378,20,2024-04-10,2,798.17$
1016,781,54,2024-04-12,1,907.93$
1017,178,28,2024-03-30,1,460.98$
1018,177,92,2024-04-28,4,366.48$
1019,174,73,2024-04-19,6,285.75$
1020,444,79,2024-04-17,3,857.3$
1021,920,95,2024-04-26,1,383.59$
1022,394,93,2024-04-28,6,306.38$
1023,276,95,2024-04-15,2,605.74$
1024,349,58,2024-04-26,6,796.4$
1025,319,34,2024-04-02,5,903.05$
1026,984,51,2024-04-24,6,838.63$
1027,267,40,2024-04-13,6,568.66$
1028,492,26,2024-04-18,5,898.92$
1029,25,17,2024-04-19,5,377.8$
1030,582,43,2024-04-23,7,218.38$
1031,740,36,2024-03-31,5,545.29$
1032,900,60,2024-04-04,4,254.71$
1033,35,18,2024-04-09,4,632.72$
1034,368,66,2024-04-16,4,667.53$
1035,910,31,2024-04-24,5,893.24$
1036,11,86,2024-04-17,3,258.64$
1037,842,79,2024-04-08,3,948.64$
1038,682,56,2024-03-31,3,827.42$
1039,721,13,2024-04-19,6,647.53$
1040,122,40,2024-03-30,3,285.76$
1041,783,51,2024-04-13,3,743.08$
1042,233,14,2024-04-06,4,683.16$
1043,865,71,2024-04-21,5,629.85$
1044,193,44,2024-04-17,3,721.3$
1045,804,71,2024-04-21,2,626.99$
1046,424,40,2024-04-07,5,936.27$
1047,60,81,2024-04-05,3,707.21$
1048,648,86,2024-04-20,6,506.49$
1049,520,99,2024-04-04,6,312.44$
1050,222,16,2024-04-06,3,142.18$
1051,206,14,2024-03-31,7,160.63$
1052,573,94,2024-04-22,7,791.69$
1053,960,94,2024-04-03,3,743.18$
1054,334,36,2024-04-24,4,851.42$
1055,527,3,2024-04-07,1,785.5$
1056,55,38,2024-04-17,4,588.32$
1057,333,64,2024-04-20,5,570.94$
1058,838,11,2024-04-25,4,816.83$
1059,103,39,2024-04-22,7,897.2$
1060,112,50,2024-03-30,2,753.58$
1061,807,10,2024-04-11,4,388.69$
1062,444,72,2024-04-21,1,597.51$
1063,939,73,2024-04-20,6,203.79$
1064,454,58,2024-04-01,6,889.5$
1065,222,23,2024-04-06,4,933.45$
1066,276,73,2024-04-25,3,185.47$
1067,354,33,2024-04-18,2,856.34$
1068,474,81,2024-04-18,3,645.48$
1069,841,15,2024-04-13,2,537.53$
1070,832,99,2024-04-27,7,290.34$
1071,786,50,2024-04-03,7,397.86$
1072,841,36,2024-04-27,2,448.09$
1073,169,79,2024-04-15,1,740.21$
1074,478,8,2024-04-16,4,134.73$
1075,278,52,2024-04-07,1,290.83$
1076,831,74,2024-04-18,1,721.24$
1077,262,29,2024-04-02,3,676.91$
1078,125,99,2024-04-01,4,502.58$
1079,796,54,2024-04-01,6,111.31$
1080,810,39,2024-04-16,7,908.23$
1081,444,12,2024-04-18,4,192.35$
1082,631,45,2024-04-08,7,313.3$
1083,175,58,2024-04-15,4,515.93$
1084,390,89,2024-04-06,7,319.16$
1085,987,78,2024-04-13,4,887.33$
1086,921,8,2024-04-14,1,611.26$
1087,666,30,2024-04-02,4,173.85$
1088,119,50,2024-04-04,1,442.16$
1089,490,88,2024-04-23,1,281.24$
1090,892,51,2024-03-31,3,879.59$
1091,836,10,2024-04-12,7,619.89$
1092,989,33,2024-03-30,7,527.22$
1093,692,46,2024-04-22,5,902.55$
1094,614,49,2024-04-10,6,520.76$
1095,484,48,2024-04-11,3,923.12$
1096,665,90,2024-04-06,3,627.76$
1097,734,65,2024-04-17,2,524.44$
1098,204,97,2024-03-31,5,875.7$
1099,985,10,2024-04-10,3,870.49$
1100,266,29,2024-04-10,7,765.86$
1101,128,46,2024-04-12,3,523.65$
1102,203,57,2024-04-05,3,907.68$
1103,162,37,2024-04-15,5,547.51$
1104,83,91,2024-04-21,6,448.95$
1105,52,46,2024-04-05,6,503.33$
1106,242,93,2024-04-22,4,122.55$
1107,785,85,2024-04-03,4,369.86$
1108,436,50,2024-04-19,2,848.29$
1109,606,43,2024-04-07,7,333.87$
1110,348,15,2024-04-22,4,831.32$
1111,140,9,2024-04-17,7,274.72$
1112,696,70,2024-04-12,3,657.96$
1113,735,86,2024-04-18,3,605.58$
1114,219,34,2024-04-14,1,802.12$
1115,946,94,2024-04-16,6,635.36$
1116,197,69,2024-04-12,7,252.0$
1117,819,83,2024-04-18,6,731.26$
1118,178,20,2024-04-02,3,687.65$
1119,250,44,2024-04-28,3,778.55$
1120,183,80,2024-04-05,3,681.76$
1121,950,7,2024-04-08,5,264.91$
1122,192,96,2024-04-15,6,529.54$
1123,600,88,2024-04-07,4,806.57$
1124,357,19,2024-04-23,2,180.43$
1125,932,78,2024-04-02,1,878.38$
1126,895,85,2024-04-23,4,714.98$
1127,527,88,2024-04-25,2,330.89$
1128,309,40,2024-04-15,5,513.1$
1129,976,49,2024-04-26,7,378.41$
1130,272,44,2024-04-09,3,528.45$
1131,55,1,2024-04-20,5,128.57$
1132,301,46,2024-04-26,1,987.9$
1133,990,40,2024-04-21,4,528.26$
1134,81,46,2024-04-06,5,623.55$
1135,675,73,2024-04-07,7,942.68$
1136,862,55,2024-03-31,2,413.28$
1137,411,10,2024-04-14,6,787.28$
1138,439,65,2024-04-16,7,703.26$
1139,562,74,2024-04-03,5,568.6$
1140,457,1,2024-04-21,1,832.73$
1141,957,17,2024-04-20,5,969.25$
1142,869,75,2024-04-21,2,498.02$
1143,225,27,2024-04-17,2,107.95$
1144,7,96,2024-04-09,2,229.46$
1145,278,20,2024-04-22,3,968.69$
1146,899,20,2024-04-03,3,236.43$
1147,105,13,2024-04-13,6,475.43$
1148,996,37,2024-04-15,6,968.13$
1149,396,75,2024-04-11,3,697.52$
1150,389,7,2024-04-19,1,980.74$
1151,140,78,2024-04-25,1,551.6$
1152,362,58,2024-03-31,4,801.4$
1153,940,15,2024-04-21,4,240.45$
1154,546,60,2024-04-25,5,260.1$
1155,27,19,2024-04-11,1,349.85$
1156,114,94,2024-04-15,6,708.57$
1157,56,5,2024-04-06,5,308.43$
1158,178,93,2024-03-30,2,626.37$
1159,130,1,2024-04-26,1,370.57$
1160,38,46,2024-04-22,6,353.8$
1161,898,55,2024-04-14,2,877.5$
1162,321,72,2024-04-19,5,309.37$
1163,668,76,2024-04-02,1,373.49$
1164,917,60,2024-04-10,7,245.14$
1165,929,82,2024-04-01,6,186.08$
1166,271,78,2024-04-02,3,501.97$
1167,749,6,2024-04-03,1,863.89$
1168,381,93,2024-03-30,7,203.21$
1169,651,9,2024-04-14,4,481.71$
1170,566,22,2024-04-16,3,530.79$
1171,871,65,2024-04-09,6,615.73$
1172,496,35,2024-04-24,4,668.12$
1173,388,13,2024-04-02,2,507.94$
1174,232,16,2024-04-20,4,275.18$
1175,502,92,2024-04-11,7,385.49$
1176,798,9,2024-04-16,6,276.02$
1177,603,40,2024-04-23,5,726.13$
1178,174,23,2024-04-13,4,541.73$
1179,824,13,2024-04-03,7,506.59$
1180,78,89,2024-04-04,2,391.99$
1181,145,28,2024-04-27,1,607.95$
1182,515,84,2024-03-30,3,995.06$
1183,504,60,2024-04-15,6,962.72$
1184,51,70,2024-04-08,2,914.07$
1185,628,79,2024-04-22,5,966.18$
1186,749,34,2024-04-11,4,798.11$
1187,501,6,2024-04-05,5,852.7$
1188,517,84,2024-03-30,1,329.74$
1189,876,43,2024-04-22,4,262.55$
1190,841,68,2024-04-01,4,776.76$
1191,254,92,2024-03-31,5,440.11$
1192,316,92,2024-04-01,5,505.82$
1193,927,89,2024-04-07,6,109.71$
1194,897,45,2024-04-09,1,697.35$
1195,328,48,2024-03-31,3,254.62$
1196,173,66,2024-04-02,3,254.47$
1197,774,60,2024-04-27,2,905.99$
1198,167,45,2024-04-08,7,165.27$
1199,178,60,2024-04-12,4,639.84$
1200,790,59,2024-04-10,2,216.93$
1201,499,85,2024-04-01,7,883.61$
1202,443,50,2024-04-21,1,512.38$
1203,294,62,2024-04-12,3,582.46$
1204,888,27,2024-04-01,3,911.53$
1205,539,11,2024-04-25,2,731.44$
1206,54,5,2024-04-11,5,156.87$
1207,703,30,2024-04-10,1,236.88$
1208,988,13,2024-04-07,1,339.38$
1209,799,37,2024-04-26,6,744.78$
1210,674,68,2024-04-06,5,282.25$
1211,317,17,2024-03-31,1,248.87$
1212,305,93,2024-04-25,3,201.45$
1213,572,39,2024-04-27,5,916.72$
1214,457,53,2024-04-03,3,747.15$
1215,206,16,2024-04-17,5,464.88$
1216,643,30,2024-04-21,2,477.39$
1217,488,32,2024-04-01,7,142.37$
1218,657,41,2024-04-01,7,714.53$
1219,978,9,2024-03-30,7,903.95$
1220,264,61,2024-04-26,3,357.65$
1221,428,74,2024-04-10,7,244.62$
1222,206,72,2024-04-23,5,560.06$
1223,558,62,2024-04-22,3,530.59$
1224,344,77,2024-04-15,4,779.17$
1225,270,15,2024-04-17,5,210.62$
1226,71,49,2024-04-15,2,891.0$
1227,688,36,2024-04-21,7,597.69$
1228,716,70,2024-04-17,1,322.91$
1229,390,75,2024-04-24,4,850.1$
1230,364,69,2024-04-19,4,777.8$
1231,578,97,2024-04-08,3,209.32$
1232,220,66,2024-04-11,2,295.83$
1233,823,25,2024-04-16,6,584.74$
1234,883,11,2024-04-17,3,320.15$
1235,810,73,2024-04-13,2,191.01$
1236,238,77,2024-04-17,7,286.11$
1237,86,19,2024-04-04,5,849.94$
1238,444,56,2024-04-14,1,831.78$
1239,599,75,2024-04-03,4,482.2$
1240,75,26,2024-04-02,3,497.17$
1241,242,96,2024-04-24,2,675.3$
1242,66,81,2024-04-24,4,666.74$
1243,251,77,2024-04-18,5,945.15$
1244,596,19,2024-04-16,6,879.15$
1245,285,46,2024-04-19,4,732.45$
1246,810,71,2024-04-18,4,538.73$
1247,31,58,2024-04-14,5,471.22$
1248,141,27,2024-04-14,5,204.75$
1249,490,39,2024-04-06,1,172.73$
1250,953,61,2024-04-07,4,955.33$
1251,698,93,2024-04-20,4,356.14$
1252,248,57,2024-04-19,2,349.64$
1253,388,20,2024-04-17,4,980.13$
1254,497,9,2024-04-18,7,958.8$
1255,239,58,2024-04-26,6,759.14$
1256,532,92,2024-04-17,6,504.61$
1257,626,91,2024-04-09,7,682.28$
1258,523,48,2024-04-11,2,106.27$
1259,710,37,2024-04-13,2,516.81$
1260,366,41,2024-04-08,4,231.89$
1261,361,10,2024-04-17,6,987.79$
1262,823,36,2024-04-18,5,138.44$
1263,910,48,2024-04-08,1,644.95$
1264,286,73,2024-04-13,5,620.07$
1265,65,57,2024-04-20,3,914.2$
1266,918,36,2024-04-04,3,639.49$
1267,380,46,2024-04-27,2,681.29$
1268,249,44,2024-04-22,6,242.48$
1269,25,85,2024-04-02,7,459.27$
1270,97,25,2024-04-23,4,735.7$
1271,873,69,2024-04-12,1,182.54$
1272,467,86,2024-03-31,1,972.05$
1273,166,2,2024-04-22,1,612.87$
1274,734,92,2024-04-12,3,256.7$
1275,137,27,2024-04-24,5,449.54$
1276,78,62,2024-04-27,2,786.36$
1277,393,25,2024-04-03,4,803.18$
1278,371,45,2024-04-26,5,441.52$
1279,880,63,2024-04-28,2,841.26$
1280,738,72,2024-04-11,2,444.73$
1281,454,31,2024-04-27,5,693.83$
1282,45,60,2024-04-24,4,311.18$
1283,528,80,2024-04-27,7,759.75$
1284,422,74,2024-04-25,4,915.03$
1285,398,26,2024-03-30,4,289.98$
1286,40,55,2024-04-21,1,467.55$
1287,303,91,2024-04-13,4,111.24$
1288,288,15,2024-04-14,7,414.12$
1289,525,19,2024-04-22,1,562.31$
1290,845,75,2024-03-30,4,478.74$
1291,251,13,2024-04-15,6,842.6$
1292,894,77,2024-04-28,4,152.05$
1293,193,79,2024-04-11,2,349.58$
1294,963,73,2024-04-03,7,300.53$
1295,473,24,2024-04-18,7,428.12$
1296,137,58,2024-04-03,7,369.72$
1297,51,20,2024-04-07,5,204.47$
1298,163,48,2024-04-01,2,683.27$
1299,604,98,2024-04-25,4,808.35$
1300,174,31,2024-03-31,4,388.38$
1301,460,32,2024-04-17,6,419.51$
1302,278,64,2024-04-06,3,261.91$
1303,766,25,2024-04-05,5,922.03$
1304,723,13,2024-04-08,3,644.42$
1305,698,85,2024-03-30,1,909.01$
1306,131,51,2024-04-24,2,569.93$
1307,788,76,2024-04-12,1,118.95$
1308,177,82,2024-04-09,1,514.7$
1309,169,87,2024-04-08,2,702.43$
1310,411,96,2024-04-13,3,857.06$
1311,609,88,2024-04-08,2,841.88$
1312,678,34,2024-04-22,4,775.64$
1313,566,2,2024-04-24,4,642.45$
1314,469,32,2024-04-17,3,605.18$
1315,216,88,2024-04-28,4,769.13$
1316,359,40,2024-04-25,6,141.01$
1317,137,6,2024-03-31,6,759.49$
1318,145,36,2024-04-11,2,881.52$
1319,688,45,2024-04-01,2,300.69$
1320,469,39,2024-04-13,5,120.26$
1321,544,57,2024-04-04,5,705.02$
1322,726,1,2024-04-07,7,346.79$
1323,631,4,2024-04-21,4,943.47$
1324,119,80,2024-04-24,6,964.81$
1325,365,87,2024-04-23,4,931.2$
1326,180,74,2024-04-18,3,962.38$
1327,284,33,2024-04-03,7,167.61$
1328,998,49,2024-04-25,5,226.24$
1329,647,53,2024-04-24,6,182.98$
1330,647,85,2024-04-20,4,766.39$
1331,521,14,2024-04-24,3,239.61$
1332,526,59,2024-04-07,2,599.82$
1333,653,9,2024-04-10,4,413.63$
1334,601,57,2024-04-17,3,296.43$
1335,384,23,2024-03-30,3,330.58$
1336,160,3,2024-04-20,5,314.47$
1337,136,37,2024-04-09,6,612.76$
1338,441,59,2024-04-05,2,794.98$
1339,315,12,2024-04-10,2,746.47$
1340,281,88,2024-04-24,6,831.5$
1341,935,51,2024-04-26,1,108.62$
1342,754,10,2024-04-25,5,557.02$
1343,339,9,2024-04-25,4,475.47$
1344,974,39,2024-03-30,1,516.35$
1345,603,59,2024-04-15,2,506.22$
1346,463,73,2024-04-16,6,925.17$
1347,575,69,2024-04-19,6,436.28$
1348,759,9,2024-04-26,7,757.31$
1349,311,37,2024-04-11,5,827.82$
1350,234,19,2024-04-28,5,560.73$
1351,938,9,2024-04-09,5,764.9$
1352,87,41,2024-04-26,4,476.65$
1353,568,74,2024-04-25,2,484.63$
1354,489,43,2024-04-18,1,583.74$
1355,331,16,2024-04-17,3,150.13$
1356,225,97,2024-04-28,2,644.85$
1357,548,41,2024-04-05,6,334.49$
1358,417,82,2024-04-03,4,171.99$
1359,219,8,2024-04-24,3,586.25$
1360,784,67,2024-04-12,6,830.16$
1361,493,66,2024-04-26,7,914.87$
1362,258,85,2024-04-18,3,209.38$
1363,730,50,2024-04-28,6,552.49$
1364,771,33,2024-04-01,7,426.62$
1365,978,1,2024-04-26,2,407.15$
1366,81,42,2024-04-14,6,201.06$
1367,272,51,2024-04-25,3,868.66$
1368,127,4,2024-04-03,2,585.34$
1369,78,32,2024-04-26,3,904.57$
1370,998,91,2024-04-03,3,394.7$
1371,377,57,2024-04-26,6,355.32$
1372,916,33,2024-04-17,3,645.69$
1373,290,91,2024-04-18,1,116.23$
1374,867,31,2024-04-28,7,852.07$
1375,171,88,2024-04-26,6,686.55$
1376,98,48,2024-04-23,3,853.86$
1377,38,5,2024-03-30,2,398.32$
1378,79,7,2024-04-09,4,801.95$
1379,677,36,2024-04-19,5,815.26$
1380,274,12,2024-04-26,5,885.26$
1381,554,10,2024-04-14,5,805.94$
1382,371,57,2024-04-25,4,332.6$
1383,46,18,2024-04-13,7,600.08$
1384,526,91,2024-04-09,7,933.48$
1385,70,89,2024-04-24,1,686.41$
1386,842,87,2024-04-18,6,489.61$
1387,630,48,2024-04-08,6,724.78$
1388,206,61,2024-04-09,2,367.93$
1389,773,4,2024-04-01,7,892.18$
1390,508,15,2024-04-27,1,884.62$
1391,528,63,2024-04-11,2,198.89$
1392,925,69,2024-04-24,2,449.05$
1393,827,16,2024-04-13,4,122.66$
1394,924,31,2024-04-10,1,702.39$
1395,624,12,2024-04-22,3,205.69$
1396,842,27,2024-04-06,7,708.21$
1397,456,47,2024-04-01,4,256.23$
1398,324,80,2024-04-25,3,202.72$
1399,609,72,2024-04-04,5,586.11$
1400,309,23,2024-04-19,1,334.65$
1401,88,26,2024-04-21,3,525.66$
1402,744,54,2024-04-21,2,548.92$
1403,674,95,2024-04-11,2,295.45$
1404,765,46,2024-04-18,4,727.17$
1405,174,69,2024-04-16,6,921.27$
1406,427,84,2024-04-09,2,233.4$
1407,174,49,2024-04-24,2,623.65$
1408,39,7,2024-04-04,1,506.65$
1409,311,60,2024-04-04,1,879.23$
1410,769,41,2024-04-01,6,630.91$
1411,289,59,2024-04-18,5,300.25$
1412,472,92,2024-03-30,7,196.57$
1413,323,20,2024-04-08,4,337.56$
1414,402,73,2024-04-13,1,328.51$
1415,859,35,2024-04-09,3,638.69$
1416,507,3,2024-04-23,2,303.48$
1417,862,15,2024-04-13,6,169.63$
1418,434,91,2024-04-20,7,655.4$
1419,473,87,2024-04-10,1,655.1$
1420,276,41,2024-04-21,5,795.32$
1421,541,57,2024-04-04,6,354.5$
1422,116,98,2024-04-27,5,461.6$
1423,767,14,2024-04-22,5,150.19$
1424,228,73,2024-03-31,1,290.24$
1425,251,49,2024-04-11,6,371.71$
1426,73,32,2024-04-27,5,758.49$
1427,833,31,2024-04-17,1,429.98$
1428,946,95,2024-04-08,6,850.24$
1429,138,6,2024-04-10,1,948.0$
1430,782,12,2024-04-06,3,288.92$
1431,387,28,2024-04-27,6,339.91$
1432,797,88,2024-03-30,1,451.4$
1433,589,82,2024-04-26,7,198.23$
1434,52,49,2024-04-03,5,813.77$
1435,51,77,2024-04-12,7,894.88$
1436,155,54,2024-04-10,7,662.89$
1437,344,20,2024-04-10,1,239.94$
1438,942,64,2024-04-19,1,545.93$
1439,72,46,2024-03-31,2,203.44$
1440,709,44,2024-04-08,3,832.86$
1441,156,85,2024-04-05,3,697.71$
1442,962,3,2024-04-06,4,281.23$
1443,314,11,2024-04-23,3,892.68$
1444,930,86,2024-04-27,4,143.18$
1445,955,38,2024-03-30,1,158.34$
1446,341,8,2024-04-26,1,882.5$
1447,725,9,2024-04-13,1,747.38$
1448,24,12,2024-04-12,7,288.8$
1449,495,89,2024-04-07,5,848.72$
1450,511,99,2024-04-09,4,225.6$
1451,584,53,2024-04-01,7,891.51$
1452,992,42,2024-04-15,2,769.45$
1453,321,13,2024-04-21,2,606.03$
1454,146,25,2024-04-23,5,881.89$
1455,806,23,2024-04-15,4,163.39$
1456,893,68,2024-04-04,6,353.67$
1457,864,19,2024-04-11,6,652.87$
1458,676,92,2024-04-16,3,457.15$
1459,546,72,2024-04-18,6,761.64$
1460,891,67,2024-04-08,4,295.29$
1461,842,40,2024-04-03,3,773.75$
1462,728,26,2024-03-31,7,663.71$
1463,755,13,2024-04-22,1,295.02$
1464,545,69,2024-04-26,5,331.5$
1465,858,87,2024-04-08,1,827.98$
1466,460,62,2024-04-19,2,345.33$
1467,231,47,2024-04-28,1,307.22$
1468,952,98,2024-04-25,5,657.29$
1469,999,65,2024-04-12,2,885.06$
1470,644,53,2024-03-31,4,487.86$
1471,25,54,2024-04-14,5,424.84$
1472,986,8,2024-04-09,1,906.84$
1473,936,37,2024-04-21,4,933.21$
1474,616,37,2024-04-18,1,255.87$
1475,467,18,2024-04-25,6,935.47$
1476,401,99,2024-04-07,5,135.71$
1477,880,62,2024-04-22,5,248.19$
1478,987,64,2024-04-06,6,801.5$
1479,478,34,2024-04-25,4,852.71$
1480,55,96,2024-03-31,2,694.62$
1481,798,49,2024-04-21,3,716.18$
1482,967,23,2024-04-04,2,861.43$
1483,600,68,2024-04-06,6,588.9$
1484,646,17,2024-04-13,1,931.83$
1485,830,48,2024-04-07,5,738.43$
1486,608,75,2024-04-20,4,378.07$
1487,479,64,2024-04-12,5,210.09$
1488,15,72,2024-04-17,5,672.26$
1489,676,70,2024-04-02,7,558.87$
1490,800,34,2024-04-19,1,886.68$
1491,550,4,2024-04-27,5,145.41$
1492,471,85,2024-04-23,7,294.92$
1493,329,5,2024-04-07,6,430.33$
1494,626,47,2024-04-24,3,402.71$
1495,405,42,2024-04-19,3,241.13$
1496,315,71,2024-04-08,1,458.93$
1497,677,46,2024-04-08,2,924.23$
1498,708,55,2024-04-20,5,374.21$
1499,136,58,2024-03-30,2,330.87$
1500,393,13,2024-04-05,1,108.47$
1501,711,4,2024-04-05,6,260.57$
1502,364,23,2024-04-17,1,571.12$
1503,404,16,2024-04-02,5,137.61$
1504,906,93,2024-04-09,6,574.19$
1505,997,38,2024-04-10,7,828.52$
1506,645,1,2024-04-03,6,971.95$
1507,632,48,2024-04-14,3,950.49$
1508,962,24,2024-04-15,4,980.39$
1509,30,75,2024-03-30,1,497.4$
1510,434,41,2024-04-08,2,890.91$
1511,267,51,2024-04-13,6,308.52$
1512,572,95,2024-04-13,7,851.96$
1513,476,86,2024-04-20,4,505.13$
1514,840,97,2024-04-25,3,475.01$
1515,600,41,2024-04-06,3,387.8$
1516,109,64,2024-04-02,6,658.49$
1517,23,66,2024-04-09,3,556.66$
1518,401,44,2024-04-09,1,805.1$
1519,401,43,2024-04-05,3,441.23$
1520,390,24,2024-04-06,5,199.61$
1521,684,98,2024-04-20,5,234.85$
1522,74,2,2024-03-30,7,201.12$
1523,84,86,2024-04-19,5,842.16$
1524,910,41,2024-04-21,6,600.07$
1525,638,50,2024-04-01,2,688.05$
1526,840,26,2024-04-01,3,446.69$
1527,130,15,2024-04-11,6,910.73$
1528,274,10,2024-04-04,5,546.47$
1529,688,54,2024-04-02,2,316.95$
1530,916,49,2024-04-13,7,750.72$
1531,414,26,2024-04-25,7,915.93$
1532,663,8,2024-03-31,7,310.6$
1533,566,94,2024-04-27,6,777.48$
1534,815,77,2024-03-31,7,888.58$
1535,291,63,2024-04-13,7,447.72$
1536,168,36,2024-04-14,5,525.85$
1537,748,7,2024-04-18,3,133.81$
1538,781,1,2024-04-09,5,537.46$
1539,993,82,2024-04-14,3,595.36$
1540,496,55,2024-04-25,1,681.97$
1541,195,51,2024-04-18,6,152.45$
1542,323,40,2024-04-25,6,468.05$
1543,424,49,2024-04-15,6,696.53$
1544,923,47,2024-04-05,7,789.84$
1545,878,22,2024-04-04,2,416.74$
1546,796,13,2024-04-25,1,224.55$
1547,468,39,2024-04-05,3,670.94$
1548,422,89,2024-04-28,3,960.96$
1549,171,9,2024-04-16,7,863.6$
1550,506,49,2024-04-10,7,802.77$
1551,315,28,2024-04-16,6,308.94$
1552,145,8,2024-04-27,6,347.42$
1553,75,23,2024-04-01,1,974.73$
1554,473,16,2024-04-23,2,931.15$
1555,299,64,2024-04-12,2,667.78$
1556,700,70,2024-04-13,1,690.74$
1557,900,66,2024-04-20,6,836.59$
1558,529,11,2024-04-17,6,169.83$
1559,280,76,2024-04-13,2,316.94$
1560,643,48,2024-04-22,4,974.42$
1561,764,92,2024-04-25,6,491.99$
1562,442,65,2024-04-18,3,129.98$
1563,854,31,2024-04-27,7,503.98$
1564,919,54,2024-04-17,6,936.86$
1565,292,87,2024-04-28,7,659.55$
1566,393,24,2024-04-07,3,845.21$
1567,632,62,2024-04-08,1,442.26$
1568,693,74,2024-04-20,6,294.98$
1569,780,93,2024-03-31,3,533.75$
1570,307,25,2024-04-02,3,900.95$
1571,666,13,2024-04-13,2,770.68$
1572,726,12,2024-04-14,2,792.79$
1573,831,19,2024-04-25,2,791.77$
1574,916,89,2024-04-04,3,964.02$
1575,793,95,2024-04-21,2,386.48$
1576,861,54,2024-04-17,7,702.79$
1577,28,63,2024-04-06,4,398.77$
1578,725,51,2024-04-11,7,864.49$
1579,675,5,2024-04-24,5,829.18$
1580,475,50,2024-03-30,7,406.87$
1581,394,30,2024-04-09,4,452.03$
1582,109,62,2024-04-24,5,627.44$
1583,278,80,2024-04-26,6,325.94$
1584,701,5,2024-03-30,3,866.17$
1585,199,10,2024-04-20,3,423.6$
1586,303,88,2024-04-22,4,769.05$
1587,227,24,2024-04-21,3,404.72$
1588,937,17,2024-04-22,3,753.68$
1589,545,42,2024-04-21,7,806.59$
1590,703,87,2024-04-24,2,667.87$
1591,614,1,2024-04-20,3,852.86$
1592,862,97,2024-04-24,6,656.03$
1593,302,57,2024-04-19,6,270.35$
1594,520,69,2024-04-17,2,610.78$
1595,833,63,2024-03-30,3,486.15$
1596,332,12,2024-04-08,5,360.22$
1597,49,40,2024-04-17,3,300.85$
1598,480,97,2024-04-15,3,563.74$
1599,963,48,2024-03-30,4,450.7$
1600,925,42,2024-04-20,7,222.06$
1601,918,19,2024-04-11,1,793.07$
1602,877,17,2024-04-22,7,912.93$
1603,995,61,2024-04-01,1,114.91$
1604,799,90,2024-03-30,5,831.92$
1605,498,94,2024-04-27,4,946.32$
1606,323,94,2024-04-15,5,424.24$
1607,173,34,2024-04-25,6,590.26$
1608,145,36,2024-04-03,3,189.95$
1609,585,64,2024-04-27,2,540.41$
1610,295,47,2024-04-17,7,780.66$
1611,869,1,2024-04-06,2,241.91$
1612,918,28,2024-04-22,5,286.78$
1613,819,75,2024-04-13,4,970.82$
1614,201,66,2024-04-10,5,713.7$
1615,287,24,2024-04-08,2,617.57$
1616,584,15,2024-04-22,7,649.14$
1617,967,51,2024-04-27,5,113.35$
1618,190,27,2024-04-13,2,299.27$
1619,883,91,2024-03-30,1,625.11$
1620,638,46,2024-04-06,7,476.86$
1621,730,59,2024-04-03,4,243.14$
1622,192,61,2024-04-20,2,778.75$
1623,989,7,2024-04-17,2,280.12$
1624,600,56,2024-04-16,2,568.95$
1625,291,49,2024-04-13,2,191.25$
1626,958,29,2024-04-06,5,887.31$
1627,104,34,2024-04-25,5,378.87$
1628,416,26,2024-04-05,7,156.2$
1629,749,19,2024-04-25,5,283.73$
1630,647,73,2024-04-08,4,614.85$
1631,402,65,2024-04-19,5,966.21$
1632,406,83,2024-04-05,3,281.05$
1633,671,82,2024-04-08,2,796.94$
1634,504,53,2024-04-01,3,351.91$
1635,242,47,2024-04-13,7,432.98$
1636,675,64,2024-04-16,1,535.49$
1637,653,71,2024-04-23,6,460.49$
1638,322,96,2024-04-03,5,941.8$
1639,355,36,2024-04-08,4,289.66$
1640,723,89,2024-04-23,3,489.79$
1641,778,62,2024-04-27,2,473.93$
1642,706,80,2024-04-09,2,690.52$
1643,938,44,2024-03-31,4,645.91$
1644,242,80,2024-04-25,6,294.02$
1645,384,79,2024-03-31,4,964.16$
1646,38,64,2024-04-18,4,479.57$
1647,813,71,2024-04-11,2,815.94$
1648,540,5,2024-04-17,2,216.39$
1649,458,36,2024-03-30,3,679.78$
1650,868,18,2024-04-13,1,314.03$
1651,879,67,2024-04-14,6,856.95$
1652,227,11,2024-04-16,4,596.08$
1653,433,81,2024-04-12,7,646.94$
1654,920,87,2024-04-23,7,244.83$
1655,966,91,2024-04-15,5,903.62$
1656,79,6,2024-03-31,7,252.56$
1657,252,12,2024-04-20,6,118.22$
1658,64,51,2024-04-24,5,988.05$
1659,422,8,2024-04-14,5,800.73$
1660,229,61,2024-04-02,6,234.14$
1661,102,59,2024-04-08,2,976.98$
1662,347,96,2024-04-07,3,549.7$
1663,61,80,2024-04-07,3,236.93$
1664,531,90,2024-04-07,5,930.8$
1665,630,47,2024-04-13,5,224.27$
1666,348,80,2024-04-27,1,908.66$
1667,542,58,2024-04-09,5,879.21$
1668,152,24,2024-04-15,5,933.32$
1669,21,48,2024-04-22,3,759.34$
1670,595,25,2024-04-14,3,219.07$
1671,306,22,2024-04-01,4,888.28$
1672,667,75,2024-04-22,1,900.55$
1673,302,24,2024-04-15,5,115.32$
1674,658,86,2024-04-23,5,160.3$
1675,824,81,2024-04-21,1,269.83$
1676,378,97,2024-04-11,6,590.07$
1677,44,51,2024-04-24,5,802.09$
1678,702,70,2024-04-15,5,568.61$
1679,101,21,2024-04-06,5,691.64$
1680,659,14,2024-04-15,3,264.99$
1681,943,75,2024-04-13,5,281.36$
1682,625,96,2024-04-19,3,838.61$
1683,427,4,2024-04-24,2,478.18$
1684,852,88,2024-04-23,5,427.04$
1685,190,31,2024-04-11,7,691.58$
1686,961,2,2024-04-01,4,482.11$
1687,599,40,2024-04-02,3,116.26$
1688,14,17,2024-03-31,4,570.92$
1689,891,98,2024-04-15,4,790.49$
1690,415,70,2024-04-20,4,224.37$
1691,666,15,2024-04-05,3,359.6$
1692,664,54,2024-04-12,4,454.42$
1693,934,11,2024-04-12,2,885.52$
1694,715,44,2024-04-08,7,459.13$
1695,986,18,2024-04-08,6,132.46$
1696,39,13,2024-04-18,5,335.34$
1697,171,51,2024-04-16,3,334.34$
1698,191,66,2024-04-03,1,810.73$
1699,636,43,2024-04-15,5,207.78$
1700,830,20,2024-04-20,7,418.8$
1701,249,19,2024-04-13,4,459.98$
1702,735,73,2024-04-20,6,343.12$
1703,270,38,2024-04-01,4,359.26$
1704,68,41,2024-04-09,1,855.59$
1705,809,18,2024-04-28,2,316.22$
1706,895,12,2024-04-11,4,803.36$
1707,115,73,2024-04-27,7,390.68$
1708,750,58,2024-04-19,1,546.96$
1709,711,59,2024-04-14,2,826.61$
1710,375,33,2024-04-20,7,796.85$
1711,269,56,2024-04-15,7,918.96$
1712,211,70,2024-04-14,7,326.28$
1713,913,47,2024-04-01,6,241.16$
1714,511,17,2024-04-15,6,197.16$
1715,887,50,2024-04-07,1,485.85$
1716,315,42,2024-04-04,5,338.91$
1717,429,47,2024-04-04,4,806.22$
1718,59,72,2024-04-18,6,491.41$
1719,539,9,2024-04-06,4,112.67$
1720,914,31,2024-03-31,4,360.15$
1721,850,79,2024-04-14,4,586.16$
1722,18,2,2024-04-05,6,386.82$
1723,728,16,2024-04-28,2,437.97$
1724,459,97,2024-04-25,1,486.85$
1725,798,86,2024-04-11,4,463.26$
1726,805,44,2024-04-25,4,486.15$
1727,435,81,2024-04-12,4,356.99$
1728,946,75,2024-04-18,5,565.35$
1729,898,85,2024-04-15,4,308.36$
1730,881,91,2024-03-31,1,192.5$
1731,716,78,2024-04-18,5,698.73$
1732,606,22,2024-03-30,1,140.84$
1733,673,16,2024-04-26,7,681.27$
1734,215,71,2024-04-28,4,872.8$
1735,940,60,2024-04-23,2,882.33$
1736,211,36,2024-04-01,6,823.51$
1737,669,74,2024-04-03,3,369.92$
1738,116,27,2024-04-18,4,430.05$
1739,132,10,2024-04-27,4,166.51$
1740,985,75,2024-04-16,6,892.22$
1741,686,81,2024-04-23,6,381.41$
1742,531,96,2024-04-02,3,492.48$
1743,286,37,2024-04-23,4,754.1$
1744,420,47,2024-04-23,4,854.95$
1745,614,59,2024-04-28,6,689.11$
1746,107,31,2024-04-09,2,810.52$
1747,532,94,2024-04-22,2,895.33$
1748,366,2,2024-04-08,3,886.42$
1749,358,84,2024-04-02,5,857.03$
1750,182,30,2024-04-21,5,774.14$
1751,270,83,2024-04-25,5,265.92$
1752,983,80,2024-04-20,2,556.17$
1753,939,71,2024-04-12,1,418.15$
1754,364,52,2024-04-17,3,233.78$
1755,260,9,2024-04-09,7,516.33$
1756,934,19,2024-04-20,2,722.84$
1757,680,91,2024-04-21,3,547.59$
1758,976,66,2024-04-05,2,999.24$
1759,866,38,2024-04-24,5,892.24$
1760,471,81,2024-04-13,2,751.26$
1761,616,80,2024-04-04,2,314.45$
1762,996,35,2024-04-21,3,756.13$
1763,671,65,2024-04-09,7,964.43$
1764,445,57,2024-04-13,3,112.73$
1765,77,41,2024-04-04,6,831.65$
1766,565,46,2024-04-23,7,509.95$
1767,168,45,2024-04-06,6,667.49$
1768,325,26,2024-04-20,6,459.9$
1769,312,88,2024-04-04,6,887.81$
1770,237,31,2024-04-16,3,927.28$
1771,632,20,2024-04-17,5,970.3$
1772,208,90,2024-04-27,3,439.69$
1773,682,90,2024-04-25,1,798.03$
1774,985,26,2024-04-23,5,446.2$
1775,534,31,2024-04-13,5,401.8$
1776,475,90,2024-04-18,2,620.4$
1777,370,91,2024-04-05,5,936.46$
1778,289,19,2024-04-17,5,667.35$
1779,825,39,2024-04-19,5,109.96$
1780,673,86,2024-04-06,3,589.34$
1781,254,89,2024-04-18,7,462.21$
1782,271,72,2024-04-05,6,843.59$
1783,960,59,2024-03-30,2,224.49$
1784,858,98,2024-04-05,6,671.83$
1785,877,23,2024-04-24,6,531.51$
1786,928,73,2024-03-31,5,542.49$
1787,317,88,2024-04-21,2,908.84$
1788,760,47,2024-04-07,2,158.4$
1789,443,16,2024-03-31,4,532.17$
1790,737,73,2024-04-27,5,204.57$
1791,394,87,2024-04-19,5,266.42$
1792,386,42,2024-04-20,4,895.33$
1793,325,42,2024-04-14,3,981.03$
1794,152,46,2024-04-26,4,196.67$
1795,453,79,2024-04-01,5,913.03$
1796,674,61,2024-04-27,3,375.67$
1797,343,74,2024-03-30,4,415.0$
1798,974,9,2024-04-17,2,351.68$
1799,523,9,2024-04-20,2,216.24$
1800,13,98,2024-04-12,4,851.96$
1801,721,62,2024-04-11,6,851.56$
1802,631,8,2024-04-03,3,230.66$
1803,166,43,2024-04-11,3,815.45$
1804,512,71,2024-04-12,6,745.43$
1805,570,62,2024-04-03,5,533.24$
1806,185,2,2024-04-04,3,889.92$
1807,654,74,2024-04-11,6,583.75$
1808,115,57,2024-04-04,1,930.79$
1809,916,53,2024-04-04,2,442.81$
1810,465,10,2024-04-11,1,446.05$
1811,685,21,2024-04-18,6,681.82$
1812,922,73,2024-04-27,3,972.08$
1813,558,88,2024-04-15,5,789.34$
1814,846,96,2024-04-03,3,507.77$
1815,854,66,2024-04-22,4,790.75$
1816,1,58,2024-04-23,1,169.67$
1817,967,26,2024-04-13,1,120.13$
1818,294,79,2024-04-15,3,234.49$
1819,224,27,2024-04-20,6,177.1$
1820,577,21,2024-04-24,1,612.09$
1821,957,20,2024-04-26,1,440.9$
1822,186,95,2024-04-02,7,438.91$
1823,288,75,2024-04-22,2,606.51$
1824,519,64,2024-04-09,6,898.07$
1825,167,34,2024-03-31,7,787.06$
1826,548,66,2024-04-02,7,180.1$
1827,849,16,2024-04-13,5,902.25$
1828,330,86,2024-04-10,5,215.39$
1829,982,5,2024-04-12,5,206.87$
1830,793,32,2024-04-26,4,176.15$
1831,221,1,2024-04-18,1,350.46$
1832,874,73,2024-04-04,6,312.05$
1833,545,65,2024-04-19,1,414.85$
1834,97,51,2024-04-13,4,253.12$
1835,532,16,2024-04-10,4,835.74$
1836,116,44,2024-04-04,4,436.33$
1837,787,52,2024-04-08,3,675.93$
1838,57,39,2024-04-16,4,395.76$
1839,829,1,2024-04-03,6,343.23$
1840,971,70,2024-04-11,6,714.3$
1841,557,50,2024-04-03,2,878.3$
1842,7,34,2024-04-25,1,218.9$
1843,322,35,2024-03-30,1,334.03$
1844,167,72,2024-04-08,1,537.79$
1845,446,95,2024-04-09,2,256.62$
1846,990,7,2024-04-01,5,462.75$
1847,329,63,2024-04-10,4,575.09$
1848,752,32,2024-04-18,2,777.85$
1849,385,20,2024-04-02,2,885.24$
1850,140,90,2024-04-15,1,833.21$
1851,568,65,2024-04-14,5,226.38$
1852,652,70,2024-04-14,6,757.68$
1853,378,1,2024-04-18,7,313.57$
1854,631,9,2024-04-27,7,953.97$
1855,449,65,2024-04-10,6,945.96$
1856,235,48,2024-04-16,4,113.64$
1857,890,41,2024-04-08,4,837.53$
1858,666,46,2024-03-30,4,566.76$
1859,699,94,2024-04-08,1,796.83$
1860,815,21,2024-04-04,6,134.98$
1861,897,10,2024-04-23,7,722.87$
1862,639,82,2024-03-30,4,989.57$
1863,229,1,2024-04-08,3,545.63$
1864,599,90,2024-04-15,4,268.67$
1865,186,32,2024-04-28,5,691.82$
1866,415,8,2024-04-21,4,371.2$
1867,723,55,2024-04-19,1,711.87$
1868,656,22,2024-04-15,1,125.87$
1869,40,36,2024-04-04,6,935.27$
1870,26,47,2024-04-04,2,248.02$
1871,641,79,2024-04-17,2,112.1$
1872,254,81,2024-04-26,5,352.31$
1873,445,8,2024-04-22,5,760.33$
1874,479,88,2024-04-26,4,577.56$
1875,931,34,2024-04-17,6,959.28$
1876,333,77,2024-04-02,1,156.41$
1877,834,97,2024-04-25,7,124.03$
1878,86,14,2024-04-24,2,582.62$
1879,628,60,2024-04-13,4,740.43$
1880,43,97,2024-04-05,3,724.64$
1881,732,66,2024-04-14,4,220.4$
1882,204,77,2024-04-26,7,186.38$
1883,919,12,2024-04-19,4,103.45$
1884,562,40,2024-04-20,6,985.16$
1885,249,65,2024-04-15,4,702.87$
1886,932,7,2024-04-08,7,785.69$
1887,463,94,2024-04-13,6,672.73$
1888,913,57,2024-04-05,2,788.17$
1889,318,11,2024-04-12,3,771.95$
1890,894,98,2024-03-30,1,583.93$
1891,191,19,2024-03-31,3,985.24$
1892,521,79,2024-04-11,6,873.8$
1893,387,79,2024-03-31,5,369.62$
1894,772,84,2024-04-26,5,520.19$
1895,252,98,2024-04-12,5,504.31$
1896,995,54,2024-03-30,5,390.73$
1897,153,39,2024-04-13,3,190.27$
1898,221,90,2024-04-23,5,500.03$
1899,458,50,2024-04-05,6,853.05$
1900,403,93,2024-03-30,7,795.01$
1901,21,78,2024-04-08,5,992.78$
1902,698,78,2024-04-14,4,443.71$
1903,449,5,2024-04-12,1,772.78$
1904,829,73,2024-04-08,6,882.3$
1905,249,79,2024-03-30,1,503.97$
1906,877,61,2024-04-26,4,689.79$
1907,409,88,2024-04-04,7,466.1$
1908,857,7,2024-04-11,2,552.16$
1909,816,24,2024-04-22,1,377.86$
1910,76,17,2024-04-18,6,609.5$
1911,777,6,2024-04-17,7,685.27$
1912,880,85,2024-04-14,3,883.36$
1913,892,64,2024-04-06,5,832.72$
1914,271,29,2024-04-27,4,613.74$
1915,305,33,2024-04-26,3,976.72$
1916,294,40,2024-03-30,6,938.59$
1917,333,91,2024-04-12,5,794.7$
1918,559,8,2024-04-19,3,967.9$
1919,63,77,2024-04-02,2,382.41$
1920,786,44,2024-04-08,6,483.87$
1921,501,46,2024-04-22,6,105.87$
1922,7,54,2024-03-31,6,897.11$
1923,377,38,2024-04-19,6,993.59$
1924,143,8,2024-04-02,5,201.0$
1925,532,17,2024-04-07,5,659.51$
1926,350,95,2024-04-10,4,135.58$
1927,94,59,2024-04-12,5,917.22$
1928,932,27,2024-04-16,1,395.48$
1929,518,98,2024-04-20,6,259.66$
1930,519,30,2024-04-24,5,484.86$
1931,788,1,2024-04-22,6,459.94$
1932,719,93,2024-04-19,5,110.23$
1933,223,76,2024-04-18,6,914.15$
1934,672,49,2024-04-20,6,370.41$
1935,363,67,2024-04-22,5,612.4$
1936,836,90,2024-04-10,5,401.28$
1937,349,36,2024-03-31,4,198.3$
1938,19,74,2024-04-24,6,380.84$
1939,165,87,2024-04-13,1,916.84$
1940,953,56,2024-04-07,5,841.38$
1941,391,11,2024-04-21,7,810.43$
1942,279,86,2024-04-23,2,143.96$
1943,371,37,2024-04-07,5,251.28$
1944,148,33,2024-04-20,1,274.43$
1945,865,65,2024-04-14,5,602.28$
1946,71,17,2024-04-26,3,368.76$
1947,22,85,2024-04-20,4,313.76$
1948,252,85,2024-04-26,1,696.17$
1949,224,52,2024-04-28,7,149.56$
1950,180,14,2024-04-21,1,488.1$
1951,387,63,2024-04-28,7,321.9$
1952,12,67,2024-04-28,4,304.97$
1953,385,49,2024-04-12,5,593.0$
1954,515,6,2024-04-19,1,105.59$
1955,855,45,2024-04-01,4,279.38$
1956,389,20,2024-04-03,4,593.73$
1957,456,1,2024-04-13,5,631.2$
1958,154,20,2024-04-06,2,933.65$
1959,638,3,2024-04-19,6,292.85$
1960,71,79,2024-04-21,2,362.66$
1961,455,75,2024-04-03,1,353.26$
1962,699,54,2024-04-12,3,670.04$
1963,283,65,2024-04-09,5,446.91$
1964,397,33,2024-04-17,5,649.02$
1965,885,82,2024-04-13,2,402.7$
1966,759,57,2024-04-06,4,216.95$
1967,347,12,2024-03-31,1,433.41$
1968,42,27,2024-04-11,7,197.19$
1969,637,43,2024-04-19,3,494.15$
1970,136,87,2024-04-13,4,132.44$
1971,627,72,2024-04-23,1,867.93$
1972,962,63,2024-04-15,1,513.81$
1973,453,88,2024-04-16,4,875.48$
1974,874,35,2024-04-28,2,331.89$
1975,350,59,2024-04-18,7,551.65$
1976,179,47,2024-04-23,7,149.95$
1977,193,91,2024-04-06,5,548.45$
1978,197,25,2024-04-18,1,874.64$
1979,629,99,2024-04-22,6,206.07$
1980,18,41,2024-04-28,6,240.18$
1981,898,53,2024-04-19,7,736.82$
1982,415,43,2024-04-28,6,283.94$
1983,396,11,2024-04-01,7,697.06$
1984,322,63,2024-04-15,2,969.32$
1985,794,55,2024-04-14,3,273.14$
1986,871,25,2024-04-18,4,226.95$
1987,948,30,2024-04-04,2,633.34$
1988,437,40,2024-04-06,5,551.77$
1989,665,85,2024-04-16,7,502.19$
1990,211,33,2024-04-17,3,316.53$
1991,187,95,2024-04-25,5,649.52$
1992,407,9,2024-04-17,4,639.11$
1993,202,44,2024-04-03,4,486.95$
1994,290,44,2024-04-23,2,790.14$
1995,961,91,2024-04-26,1,182.6$
1996,119,85,2024-04-01,1,238.18$
1997,511,15,2024-04-17,6,979.02$
1998,756,93,2024-04-16,1,579.0$
1999,13,87,2024-04-26,6,931.95$
